,product_id,quantity,product_type,product,brand,price,category,uid,experiment_name,amount,way_of_purchase
0,117,1.0,competitor,Dyson Supersonic Sèche-Cheveux édition spéciale Fuchsia avec Grand boîtier,Dyson,398.99,-,6538f327-4c9e-6808-9928-393b85a14351,Experiment 1 Reverso 2 in one,398.99,from_page
1,127,1.0,competitor,"Rowenta Brosse rotative à air chaud, Poils naturels, Enduit de kératine de cachemire, Protège les cheveux, 2 accessoires inclus, Brush Activ Premium Care CF9540F0",Rowenta,69.9,-,6538f573-a5f9-ff1a-7c97-ec78dfbf7368,Experiment 2 Dry brush and Duo,69.9,not_buyer
2,122,1.0,competitor,BaByliss Sèche-cheveux Speed Pro 2000 Moteur AC Fabriqué en Italie 6704WE,Babyliss,38.22,-,6538f5d8-e95f-0920-01b7-fb481bcfe24b,Experiment 1 Reverso 2 in one,38.22,from_page
3,127,2.0,competitor,"Rowenta Brosse rotative à air chaud, Poils naturels, Enduit de kératine de cachemire, Protège les cheveux, 2 accessoires inclus, Brush Activ Premium Care CF9540F0",Rowenta,69.9,-,6538f5c1-ba3f-8ec0-6f99-ccd4b9f799f2,Experiment 1 Reverso 2 in one,139.8,from_page
4,126,2.0,competitor,"Bellissima Brosse Soufflante My Pro GH18 1100 - Brushing Professionnel avec Embouts en Céramique, Système Dry & Style 5 en 1 - 2 Combinaisons de Débit d'Air / Température, Position Air Froid Cool Fix",Bellissima,49.89,-,6538f678-a8f0-1918-e002-82da0ef13aa1,Experiment 2 Dry brush and Duo,99.78,from_page
5,116,1.0,competitor,"Remington Sèche-cheveux Ionique [Puissant & Léger] Ionic Dry Violet (2200W, coiffage délicat en douceur & répartition uniforme de la chaleur, 3 températures / 2 vitesses, Air frais, diffuseur) D3190",Remington,28.4,-,6538f77f-8c0b-42ac-cf14-35da35148724,Experiment 2 Dry brush and Duo,28.4,not_buyer
6,117,1.0,competitor,Dyson Supersonic Sèche-Cheveux édition spéciale Fuchsia avec Grand boîtier,Dyson,398.99,-,6538f802-fc51-d7c2-ef77-05f116504ca1,Experiment 1 Reverso 2 in one,398.99,from_page
7,119,1.0,competitor,BaByliss Sèche-Cheveux Turbo Smooth 2200 avec Technologie Ionique et Céramique,Babyliss,28.9,-,6538f830-156f-e4ca-70bb-d6c80368b8a7,Experiment 1 Reverso 2 in one,28.9,not_buyer
8,186,1.0,variation,"Rowenta, DRY & BRUSH DUO, Ultimate Experience.  Innovation: sèche cheveux et brosse soufflante combinés, coiffage rapide et facile, sèche et coiffe, résultat brushing naturel, cheveux brillants, technologie ionique.",Rowenta,89.0,-,6538f949-be99-6c7b-ac52-09740785e9d0,Experiment 2 Dry brush and Duo,89.0,from_page
9,132,2.0,competitor,"Bellissima Brosse Soufflante Ionique Air Wonder - Brosse Chauffante Brushing, Brosses en Céramique, Enduites de Kératine - 2 Températures et Air Frais - Sèche, Volume, 8 Accessoires Inclus, 1000 W",Bellissima,79.47,-,6538f9a0-4401-85aa-b465-e75b3e20290f,Experiment 2 Dry brush and Duo,158.94,from_page
10,123,2.0,competitor,Sèche-Cheveux Philips Série 3000 avec Fonction Ionique Avancée (modèle BHD351/10),Philips,19.99,-,6538f9f0-9463-4f75-3b71-f70a76facb46,Experiment 1 Reverso 2 in one,39.98,from_page
11,114,2.0,competitor,"Babyliss Sèche-Cheveux Smooth Pro, Noir",Babyliss,29.99,-,6538f9c9-c710-57d3-534c-50179ace45c4,Experiment 2 Dry brush and Duo,59.98,from_page
12,125,1.0,competitor,"Sèche-cheveux volumisant Salon Revlon (One-Step, technologie IONIQUE et CÉRAMIQUE, cheveux longs et mi-longs) RVDR5222",Revlon,38.45,-,6538f99f-82f8-51c9-1cc3-8f8a54d4ff97,Experiment 2 Dry brush and Duo,38.45,from_page
13,129,1.0,competitor,"Revlon Salon One-Step Sèche-cheveux volumisant, cheveux mi-longs à courts, RVDR5282UKE",Revlon,42.99,-,6538fb4e-6d3d-6372-f109-cb2535fd6486,Experiment 2 Dry brush and Duo,42.99,from_page
14,125,1.0,competitor,"Sèche-cheveux volumisant Salon Revlon (One-Step, technologie IONIQUE et CÉRAMIQUE, cheveux longs et mi-longs) RVDR5222",Revlon,38.45,-,6538fc22-c7cc-ae6a-5db1-2a921d7d03b0,Experiment 2 Dry brush and Duo,38.45,not_buyer
15,125,2.0,competitor,"Sèche-cheveux volumisant Salon Revlon (One-Step, technologie IONIQUE et CÉRAMIQUE, cheveux longs et mi-longs) RVDR5222",Revlon,38.45,-,6538fb72-2bd8-a0f2-5ba5-8c69dd17ada9,Experiment 1 Reverso 2 in one,76.9,from_page
16,117,1.0,competitor,Dyson Supersonic Sèche-Cheveux édition spéciale Fuchsia avec Grand boîtier,Dyson,398.99,-,6538fc10-ac3a-d0de-d8b0-b94c1c220142,Experiment 1 Reverso 2 in one,398.99,not_buyer
17,127,1.0,competitor,"Rowenta Brosse rotative à air chaud, Poils naturels, Enduit de kératine de cachemire, Protège les cheveux, 2 accessoires inclus, Brush Activ Premium Care CF9540F0",Rowenta,69.9,-,6538fb8e-9039-38bb-fff8-9ed389cd1e1a,Experiment 1 Reverso 2 in one,69.9,from_page
18,128,1.0,competitor,"Babyliss AS952E - BaByliss Paris - Brosse soufflante rotative Big Hair Dual, Or, 1 Unité (Lot de 1)",Babyliss,34.99,-,6538fcbd-bedd-830f-2c1b-673095fc4aca,Experiment 1 Reverso 2 in one,34.99,not_buyer
19,125,1.0,competitor,"Sèche-cheveux volumisant Salon Revlon (One-Step, technologie IONIQUE et CÉRAMIQUE, cheveux longs et mi-longs) RVDR5222",Revlon,38.45,-,6538fb43-b3ec-7d9f-6261-0cc1fa979372,Experiment 2 Dry brush and Duo,38.45,not_buyer
20,117,1.0,competitor,Dyson Supersonic Sèche-Cheveux édition spéciale Fuchsia avec Grand boîtier,Dyson,398.99,-,6538ff1f-8d5e-4fae-dbcb-2b3781661abf,Experiment 2 Dry brush and Duo,398.99,from_page
21,117,1.0,competitor,Dyson Supersonic Sèche-Cheveux édition spéciale Fuchsia avec Grand boîtier,Dyson,398.99,-,6538fec4-c3c6-a887-ef3a-fe964e9aa378,Experiment 2 Dry brush and Duo,398.99,not_buyer
22,125,1.0,competitor,"Sèche-cheveux volumisant Salon Revlon (One-Step, technologie IONIQUE et CÉRAMIQUE, cheveux longs et mi-longs) RVDR5222",Revlon,38.45,-,6538ff09-8b1b-12d9-ba73-b71db204029d,Experiment 1 Reverso 2 in one,38.45,from_page
23,127,2.0,competitor,"Rowenta Brosse rotative à air chaud, Poils naturels, Enduit de kératine de cachemire, Protège les cheveux, 2 accessoires inclus, Brush Activ Premium Care CF9540F0",Rowenta,69.9,-,6538ff97-4615-3972-e64a-aff5214b4046,Experiment 2 Dry brush and Duo,139.8,from_page
24,126,1.0,competitor,"Bellissima Brosse Soufflante My Pro GH18 1100 - Brushing Professionnel avec Embouts en Céramique, Système Dry & Style 5 en 1 - 2 Combinaisons de Débit d'Air / Température, Position Air Froid Cool Fix",Bellissima,49.89,-,6538ffc8-301e-277b-d5aa-dacd2958c5ab,Experiment 2 Dry brush and Duo,49.89,from_page
25,129,1.0,competitor,"Revlon Salon One-Step Sèche-cheveux volumisant, cheveux mi-longs à courts, RVDR5282UKE",Revlon,42.99,-,6538ffad-d913-c3de-e4be-7914d99a1542,Experiment 1 Reverso 2 in one,42.99,from_page
26,139,1.0,variation,"Rowenta, REVERSO, Ultimate Experience.  Innovation: 2 en 1, sèche cheveux et brosse soufflante, coiffage rapide et facile, gain de place, résultat brushing naturel, cheveux brillants, technologie ionique.",Rowenta,89.0,-,6538ff92-5d98-1d70-fc7b-1b570bd65736,Experiment 1 Reverso 2 in one,89.0,from_page
27,186,1.0,variation,"Rowenta, DRY & BRUSH DUO, Ultimate Experience.  Innovation: sèche cheveux et brosse soufflante combinés, coiffage rapide et facile, sèche et coiffe, résultat brushing naturel, cheveux brillants, technologie ionique.",Rowenta,89.0,-,6539004f-0234-c543-8a28-d07fb9c94082,Experiment 2 Dry brush and Duo,89.0,from_page
28,118,1.0,competitor,Dyson Airwrap Volume + Shape Styler pour cheveux fins et plats,Dyson,749.0,-,65390119-8539-edc8-5ca9-293c42af52f8,Experiment 2 Dry brush and Duo,749.0,from_page
29,123,3.0,competitor,Sèche-Cheveux Philips Série 3000 avec Fonction Ionique Avancée (modèle BHD351/10),Philips,19.99,-,6539002c-9358-d2e2-af88-e87989f95c6a,Experiment 2 Dry brush and Duo,59.97,from_page
30,139,1.0,variation,"Rowenta, REVERSO, Ultimate Experience.  Innovation: 2 en 1, sèche cheveux et brosse soufflante, coiffage rapide et facile, gain de place, résultat brushing naturel, cheveux brillants, technologie ionique.",Rowenta,89.0,-,653901d7-f491-799e-4d29-fb92ed7061b2,Experiment 1 Reverso 2 in one,89.0,from_page
31,114,1.0,competitor,"Babyliss Sèche-Cheveux Smooth Pro, Noir",Babyliss,29.99,-,6539016a-900c-ae8b-6ea5-4ea5b22ebb11,Experiment 2 Dry brush and Duo,29.99,from_page
32,125,1.0,competitor,"Sèche-cheveux volumisant Salon Revlon (One-Step, technologie IONIQUE et CÉRAMIQUE, cheveux longs et mi-longs) RVDR5222",Revlon,38.45,-,653901e5-4366-a8c1-e378-906de454e149,Experiment 2 Dry brush and Duo,38.45,from_page
33,130,1.0,competitor,BaByliss Brosse Soufflante Smooth Boost 300W pour un volume dès la racine 668E Noir,Babyliss,16.9,-,65390208-15f9-5d00-e14b-78bb61ff49b1,Experiment 1 Reverso 2 in one,16.9,from_page
34,125,1.0,competitor,"Sèche-cheveux volumisant Salon Revlon (One-Step, technologie IONIQUE et CÉRAMIQUE, cheveux longs et mi-longs) RVDR5222",Revlon,38.45,-,6539027e-1b49-12c5-c7c5-9cddbb755480,Experiment 1 Reverso 2 in one,38.45,from_page
35,117,1.0,competitor,Dyson Supersonic Sèche-Cheveux édition spéciale Fuchsia avec Grand boîtier,Dyson,398.99,-,65390292-e8cf-e05b-e11f-c6c8288abd27,Experiment 1 Reverso 2 in one,398.99,from_page
36,128,1.0,competitor,"Babyliss AS952E - BaByliss Paris - Brosse soufflante rotative Big Hair Dual, Or, 1 Unité (Lot de 1)",Babyliss,34.99,-,653902df-6b9c-dde9-c71b-90f0a5cde0e1,Experiment 2 Dry brush and Duo,34.99,from_page
37,128,1.0,competitor,"Babyliss AS952E - BaByliss Paris - Brosse soufflante rotative Big Hair Dual, Or, 1 Unité (Lot de 1)",Babyliss,34.99,-,653902f5-cb42-2806-1caf-be876a420e02,Experiment 2 Dry brush and Duo,34.99,from_page
38,118,1.0,competitor,Dyson Airwrap Volume + Shape Styler pour cheveux fins et plats,Dyson,749.0,-,65390349-86dc-9a52-1a36-79ca3dbb126d,Experiment 1 Reverso 2 in one,749.0,from_page
39,129,1.0,competitor,"Revlon Salon One-Step Sèche-cheveux volumisant, cheveux mi-longs à courts, RVDR5282UKE",Revlon,42.99,-,65390400-7ed2-cd1a-35ae-3046886a06bf,Experiment 2 Dry brush and Duo,42.99,from_page
40,139,1.0,variation,"Rowenta, REVERSO, Ultimate Experience.  Innovation: 2 en 1, sèche cheveux et brosse soufflante, coiffage rapide et facile, gain de place, résultat brushing naturel, cheveux brillants, technologie ionique.",Rowenta,89.0,-,6539044e-288a-0549-f8a8-afee8901697b,Experiment 1 Reverso 2 in one,89.0,from_page
41,126,1.0,competitor,"Bellissima Brosse Soufflante My Pro GH18 1100 - Brushing Professionnel avec Embouts en Céramique, Système Dry & Style 5 en 1 - 2 Combinaisons de Débit d'Air / Température, Position Air Froid Cool Fix",Bellissima,49.89,-,653903a9-f64c-0fb1-9b7a-f64e385c4b6f,Experiment 2 Dry brush and Duo,49.89,not_buyer
42,132,1.0,competitor,"Bellissima Brosse Soufflante Ionique Air Wonder - Brosse Chauffante Brushing, Brosses en Céramique, Enduites de Kératine - 2 Températures et Air Frais - Sèche, Volume, 8 Accessoires Inclus, 1000 W",Bellissima,79.47,-,653904f8-f86d-f8f7-cf96-abccdd8160d1,Experiment 1 Reverso 2 in one,79.47,from_page
43,132,1.0,competitor,"Bellissima Brosse Soufflante Ionique Air Wonder - Brosse Chauffante Brushing, Brosses en Céramique, Enduites de Kératine - 2 Températures et Air Frais - Sèche, Volume, 8 Accessoires Inclus, 1000 W",Bellissima,79.47,-,65390577-1899-7d33-aa91-e583bf668cf7,Experiment 2 Dry brush and Duo,79.47,from_page
44,118,2.0,competitor,Dyson Airwrap Volume + Shape Styler pour cheveux fins et plats,Dyson,749.0,-,653905f2-d7fa-879f-2915-cd61f1c2e1f0,Experiment 1 Reverso 2 in one,1498.0,from_page
45,128,1.0,competitor,"Babyliss AS952E - BaByliss Paris - Brosse soufflante rotative Big Hair Dual, Or, 1 Unité (Lot de 1)",Babyliss,34.99,-,65390604-1f04-26b8-10e2-18247aa4c7fa,Experiment 2 Dry brush and Duo,34.99,from_page
46,117,1.0,competitor,Dyson Supersonic Sèche-Cheveux édition spéciale Fuchsia avec Grand boîtier,Dyson,398.99,-,653905b0-fc77-30d2-1496-a449a1e16fb1,Experiment 1 Reverso 2 in one,398.99,from_page
47,125,1.0,competitor,"Sèche-cheveux volumisant Salon Revlon (One-Step, technologie IONIQUE et CÉRAMIQUE, cheveux longs et mi-longs) RVDR5222",Revlon,38.45,-,65390657-b669-e2a8-8843-0ff485e0e0f0,Experiment 1 Reverso 2 in one,38.45,from_page
48,117,1.0,competitor,Dyson Supersonic Sèche-Cheveux édition spéciale Fuchsia avec Grand boîtier,Dyson,398.99,-,6539070e-b3e8-2572-4e2c-ff59f5398f50,Experiment 1 Reverso 2 in one,398.99,from_page
49,186,2.0,variation,"Rowenta, DRY & BRUSH DUO, Ultimate Experience.  Innovation: sèche cheveux et brosse soufflante combinés, coiffage rapide et facile, sèche et coiffe, résultat brushing naturel, cheveux brillants, technologie ionique.",Rowenta,89.0,-,6539073f-6e86-7c1d-8873-84a7a82dcaff,Experiment 2 Dry brush and Duo,178.0,from_page
50,117,1.0,competitor,Dyson Supersonic Sèche-Cheveux édition spéciale Fuchsia avec Grand boîtier,Dyson,398.99,-,6539064c-57a8-cedc-abd2-cbc371080cfa,Experiment 2 Dry brush and Duo,398.99,from_page
51,186,1.0,variation,"Rowenta, DRY & BRUSH DUO, Ultimate Experience.  Innovation: sèche cheveux et brosse soufflante combinés, coiffage rapide et facile, sèche et coiffe, résultat brushing naturel, cheveux brillants, technologie ionique.",Rowenta,89.0,-,65390751-5e2e-fa15-878e-e8047c33fa4f,Experiment 2 Dry brush and Duo,89.0,from_page
52,118,1.0,competitor,Dyson Airwrap Volume + Shape Styler pour cheveux fins et plats,Dyson,749.0,-,653907f1-af10-92c8-cf5f-3817f45d7a77,Experiment 2 Dry brush and Duo,749.0,not_buyer
53,132,1.0,competitor,"Bellissima Brosse Soufflante Ionique Air Wonder - Brosse Chauffante Brushing, Brosses en Céramique, Enduites de Kératine - 2 Températures et Air Frais - Sèche, Volume, 8 Accessoires Inclus, 1000 W",Bellissima,79.47,-,6539076d-e847-8286-0755-e494f0d00711,Experiment 1 Reverso 2 in one,79.47,from_page
54,125,2.0,competitor,"Sèche-cheveux volumisant Salon Revlon (One-Step, technologie IONIQUE et CÉRAMIQUE, cheveux longs et mi-longs) RVDR5222",Revlon,38.45,-,653907d5-235d-875d-cb0d-289ab2a0f10f,Experiment 2 Dry brush and Duo,76.9,from_page
55,125,1.0,competitor,"Sèche-cheveux volumisant Salon Revlon (One-Step, technologie IONIQUE et CÉRAMIQUE, cheveux longs et mi-longs) RVDR5222",Revlon,38.45,-,65390698-8d96-13dc-625a-1e1b84c2cfb5,Experiment 1 Reverso 2 in one,38.45,from_page
56,131,2.0,competitor,"Remington Brosse Soufflante Ionique [4en1: lissage, boucles, ondulations, volume] Curl&Straight Confidence (1000W, Brosse ronde 40mm, Brosse plate, Boucleur 30mm, Concentrateur, Mallette) AS8606",Remington,119.1,-,6539092a-ae6e-fd73-820b-ee3aef1025c9,Experiment 1 Reverso 2 in one,238.2,from_page
57,132,1.0,competitor,"Bellissima Brosse Soufflante Ionique Air Wonder - Brosse Chauffante Brushing, Brosses en Céramique, Enduites de Kératine - 2 Températures et Air Frais - Sèche, Volume, 8 Accessoires Inclus, 1000 W",Bellissima,79.47,-,653908fe-a8b7-b40c-9c8e-99817b77909b,Experiment 1 Reverso 2 in one,79.47,from_page
58,130,1.0,competitor,BaByliss Brosse Soufflante Smooth Boost 300W pour un volume dès la racine 668E Noir,Babyliss,16.9,-,65390924-1208-f8ac-bbc7-4dab9a6bef41,Experiment 2 Dry brush and Duo,16.9,from_page
59,132,1.0,competitor,"Bellissima Brosse Soufflante Ionique Air Wonder - Brosse Chauffante Brushing, Brosses en Céramique, Enduites de Kératine - 2 Températures et Air Frais - Sèche, Volume, 8 Accessoires Inclus, 1000 W",Bellissima,79.47,-,6539091c-c45e-76ae-509c-309c6ab9aa45,Experiment 1 Reverso 2 in one,79.47,from_page
60,117,1.0,competitor,Dyson Supersonic Sèche-Cheveux édition spéciale Fuchsia avec Grand boîtier,Dyson,398.99,-,653909af-36d8-6810-81d6-740a3ed49c4a,Experiment 1 Reverso 2 in one,398.99,not_buyer
61,119,1.0,competitor,BaByliss Sèche-Cheveux Turbo Smooth 2200 avec Technologie Ionique et Céramique,Babyliss,28.9,-,65390991-6232-ab64-cb58-f268777c47ed,Experiment 2 Dry brush and Duo,28.9,from_page
62,132,1.0,competitor,"Bellissima Brosse Soufflante Ionique Air Wonder - Brosse Chauffante Brushing, Brosses en Céramique, Enduites de Kératine - 2 Températures et Air Frais - Sèche, Volume, 8 Accessoires Inclus, 1000 W",Bellissima,79.47,-,653909c8-ac83-a730-5e4a-431c968f60da,Experiment 1 Reverso 2 in one,79.47,from_page
63,127,2.0,competitor,"Rowenta Brosse rotative à air chaud, Poils naturels, Enduit de kératine de cachemire, Protège les cheveux, 2 accessoires inclus, Brush Activ Premium Care CF9540F0",Rowenta,69.9,-,65390ad6-0662-3bfa-bdcc-ab2fc041a84d,Experiment 1 Reverso 2 in one,139.8,from_page
64,125,1.0,competitor,"Sèche-cheveux volumisant Salon Revlon (One-Step, technologie IONIQUE et CÉRAMIQUE, cheveux longs et mi-longs) RVDR5222",Revlon,38.45,-,65390b3d-8018-2597-f588-02a2caa94ab9,Experiment 2 Dry brush and Duo,38.45,from_page
65,129,1.0,competitor,"Revlon Salon One-Step Sèche-cheveux volumisant, cheveux mi-longs à courts, RVDR5282UKE",Revlon,42.99,-,65390bc4-75a6-241a-8b07-1608d4254875,Experiment 1 Reverso 2 in one,42.99,from_page
66,118,1.0,competitor,Dyson Airwrap Volume + Shape Styler pour cheveux fins et plats,Dyson,749.0,-,65390c7d-1b4e-7faa-0606-44622ab0d62b,Experiment 1 Reverso 2 in one,749.0,from_page
67,125,1.0,competitor,"Sèche-cheveux volumisant Salon Revlon (One-Step, technologie IONIQUE et CÉRAMIQUE, cheveux longs et mi-longs) RVDR5222",Revlon,38.45,-,65390a9e-fc76-0cfd-dae6-fa62ac872dbb,Experiment 2 Dry brush and Duo,38.45,from_page
68,126,1.0,competitor,"Bellissima Brosse Soufflante My Pro GH18 1100 - Brushing Professionnel avec Embouts en Céramique, Système Dry & Style 5 en 1 - 2 Combinaisons de Débit d'Air / Température, Position Air Froid Cool Fix",Bellissima,49.89,-,65390cb4-2d6b-d418-5611-3e8e4e86e66e,Experiment 2 Dry brush and Duo,49.89,from_page
69,114,1.0,competitor,"Babyliss Sèche-Cheveux Smooth Pro, Noir",Babyliss,29.99,-,65390d84-28fa-a37b-4e33-a041d3e65808,Experiment 1 Reverso 2 in one,29.99,from_page
70,119,1.0,competitor,BaByliss Sèche-Cheveux Turbo Smooth 2200 avec Technologie Ionique et Céramique,Babyliss,28.9,-,65390c56-62aa-4739-b8f2-c988c74e0518,Experiment 1 Reverso 2 in one,28.9,from_page
71,125,1.0,competitor,"Sèche-cheveux volumisant Salon Revlon (One-Step, technologie IONIQUE et CÉRAMIQUE, cheveux longs et mi-longs) RVDR5222",Revlon,38.45,-,65390f42-ea48-f282-103c-e6ae167637b4,Experiment 2 Dry brush and Duo,38.45,not_buyer
72,114,1.0,competitor,"Babyliss Sèche-Cheveux Smooth Pro, Noir",Babyliss,29.99,-,65391054-e627-3f6a-aaff-2cc28ad5d5bb,Experiment 2 Dry brush and Duo,29.99,not_buyer
73,114,1.0,competitor,"Babyliss Sèche-Cheveux Smooth Pro, Noir",Babyliss,29.99,-,65391065-774f-305b-8995-63710638904d,Experiment 1 Reverso 2 in one,29.99,from_page
74,129,1.0,competitor,"Revlon Salon One-Step Sèche-cheveux volumisant, cheveux mi-longs à courts, RVDR5282UKE",Revlon,42.99,-,653910b4-1aef-a5a7-c1c6-942f84bf8c4e,Experiment 2 Dry brush and Duo,42.99,from_page
75,132,1.0,competitor,"Bellissima Brosse Soufflante Ionique Air Wonder - Brosse Chauffante Brushing, Brosses en Céramique, Enduites de Kératine - 2 Températures et Air Frais - Sèche, Volume, 8 Accessoires Inclus, 1000 W",Bellissima,79.47,-,653911cb-ae63-b5d5-044e-d5b025695407,Experiment 2 Dry brush and Duo,79.47,from_page
76,117,1.0,competitor,Dyson Supersonic Sèche-Cheveux édition spéciale Fuchsia avec Grand boîtier,Dyson,398.99,-,65391311-e64b-392b-3677-6f68d83f4225,Experiment 1 Reverso 2 in one,398.99,from_page
77,139,1.0,variation,"Rowenta, REVERSO, Ultimate Experience.  Innovation: 2 en 1, sèche cheveux et brosse soufflante, coiffage rapide et facile, gain de place, résultat brushing naturel, cheveux brillants, technologie ionique.",Rowenta,89.0,-,653912ef-924e-4f96-e4b3-15864cfaf368,Experiment 1 Reverso 2 in one,89.0,from_page
78,132,1.0,competitor,"Bellissima Brosse Soufflante Ionique Air Wonder - Brosse Chauffante Brushing, Brosses en Céramique, Enduites de Kératine - 2 Températures et Air Frais - Sèche, Volume, 8 Accessoires Inclus, 1000 W",Bellissima,79.47,-,65391399-829b-2fe3-d1c4-ae98f16d7b7c,Experiment 2 Dry brush and Duo,79.47,from_page
79,118,2.0,competitor,Dyson Airwrap Volume + Shape Styler pour cheveux fins et plats,Dyson,749.0,-,653913d5-7da2-568c-a80d-d2ffbcab5432,Experiment 2 Dry brush and Duo,1498.0,not_buyer
80,117,1.0,competitor,Dyson Supersonic Sèche-Cheveux édition spéciale Fuchsia avec Grand boîtier,Dyson,398.99,-,6539133c-ed0c-a2f8-3a35-62cec75056bc,Experiment 2 Dry brush and Duo,398.99,not_buyer
81,139,1.0,variation,"Rowenta, REVERSO, Ultimate Experience.  Innovation: 2 en 1, sèche cheveux et brosse soufflante, coiffage rapide et facile, gain de place, résultat brushing naturel, cheveux brillants, technologie ionique.",Rowenta,89.0,-,6539141b-afac-1fb7-aeff-c4d8584f39b8,Experiment 1 Reverso 2 in one,89.0,from_page
82,132,1.0,competitor,"Bellissima Brosse Soufflante Ionique Air Wonder - Brosse Chauffante Brushing, Brosses en Céramique, Enduites de Kératine - 2 Températures et Air Frais - Sèche, Volume, 8 Accessoires Inclus, 1000 W",Bellissima,79.47,-,65391537-d1a2-ce55-b538-533f64bc7261,Experiment 2 Dry brush and Duo,79.47,from_page
83,128,2.0,competitor,"Babyliss AS952E - BaByliss Paris - Brosse soufflante rotative Big Hair Dual, Or, 1 Unité (Lot de 1)",Babyliss,34.99,-,653916ae-ff1d-76ec-49a8-80f5e6e471e6,Experiment 2 Dry brush and Duo,69.98,from_page
84,118,1.0,competitor,Dyson Airwrap Volume + Shape Styler pour cheveux fins et plats,Dyson,749.0,-,653917b1-7158-6ad3-28a2-0ce3d5817d12,Experiment 1 Reverso 2 in one,749.0,from_page
85,117,1.0,competitor,Dyson Supersonic Sèche-Cheveux édition spéciale Fuchsia avec Grand boîtier,Dyson,398.99,-,65391a69-4624-e83c-8c1e-d57ba77e3abe,Experiment 2 Dry brush and Duo,398.99,from_page
86,130,1.0,competitor,BaByliss Brosse Soufflante Smooth Boost 300W pour un volume dès la racine 668E Noir,Babyliss,16.9,-,65391ada-4364-ead4-181f-9d95f547bce6,Experiment 2 Dry brush and Duo,16.9,not_buyer
87,123,1.0,competitor,Sèche-Cheveux Philips Série 3000 avec Fonction Ionique Avancée (modèle BHD351/10),Philips,19.99,-,65391d17-5b69-bdca-c40a-a892f612ed04,Experiment 2 Dry brush and Duo,19.99,not_buyer
88,118,1.0,competitor,Dyson Airwrap Volume + Shape Styler pour cheveux fins et plats,Dyson,749.0,-,65391e35-8ff2-4b6c-2ccd-e2ef58a0af39,Experiment 1 Reverso 2 in one,749.0,from_page
89,132,1.0,competitor,"Bellissima Brosse Soufflante Ionique Air Wonder - Brosse Chauffante Brushing, Brosses en Céramique, Enduites de Kératine - 2 Températures et Air Frais - Sèche, Volume, 8 Accessoires Inclus, 1000 W",Bellissima,79.47,-,65391fbc-d667-657b-165b-f5b7d5a4f4c2,Experiment 1 Reverso 2 in one,79.47,from_page
90,122,2.0,competitor,BaByliss Sèche-cheveux Speed Pro 2000 Moteur AC Fabriqué en Italie 6704WE,Babyliss,38.22,-,653920b7-dbdb-c5fc-74c9-f59912283c97,Experiment 2 Dry brush and Duo,76.44,from_page
91,116,1.0,competitor,"Remington Sèche-cheveux Ionique [Puissant & Léger] Ionic Dry Violet (2200W, coiffage délicat en douceur & répartition uniforme de la chaleur, 3 températures / 2 vitesses, Air frais, diffuseur) D3190",Remington,28.4,-,65392083-c1a6-3a37-2aef-fe652bbbb3b8,Experiment 1 Reverso 2 in one,28.4,from_page
92,127,2.0,competitor,"Rowenta Brosse rotative à air chaud, Poils naturels, Enduit de kératine de cachemire, Protège les cheveux, 2 accessoires inclus, Brush Activ Premium Care CF9540F0",Rowenta,69.9,-,65392233-9526-4add-f1f4-31ca6ad95a9d,Experiment 1 Reverso 2 in one,139.8,from_page
93,186,1.0,variation,"Rowenta, DRY & BRUSH DUO, Ultimate Experience.  Innovation: sèche cheveux et brosse soufflante combinés, coiffage rapide et facile, sèche et coiffe, résultat brushing naturel, cheveux brillants, technologie ionique.",Rowenta,89.0,-,6539214e-3ffe-66dd-6f6f-df87f0e2bd7e,Experiment 2 Dry brush and Duo,89.0,from_page
94,114,1.0,competitor,"Babyliss Sèche-Cheveux Smooth Pro, Noir",Babyliss,29.99,-,653925d1-ff12-fb7b-804b-11fc4869cf4c,Experiment 2 Dry brush and Duo,29.99,from_page
95,118,1.0,competitor,Dyson Airwrap Volume + Shape Styler pour cheveux fins et plats,Dyson,749.0,-,65392a49-8219-2f67-be8e-c9c7c4c18d05,Experiment 1 Reverso 2 in one,749.0,from_page
96,115,1.0,competitor,BaByliss Sèche-cheveux Powerlight 2000 Design Léger D212E,Babyliss,19.99,-,65392df9-3830-4b2d-f97d-c9fbdbf3902c,Experiment 1 Reverso 2 in one,19.99,from_page
97,120,2.0,competitor,"Remington Sèche-Cheveux 2300W Moteur AC, Léger, Puissant, Maniable - AC5999",Remington,41.38,-,65393027-9d28-151b-ed30-8227a38f57f3,Experiment 1 Reverso 2 in one,82.76,from_page
98,186,1.0,variation,"Rowenta, DRY & BRUSH DUO, Ultimate Experience.  Innovation: sèche cheveux et brosse soufflante combinés, coiffage rapide et facile, sèche et coiffe, résultat brushing naturel, cheveux brillants, technologie ionique.",Rowenta,89.0,-,6539388b-bd84-e399-c395-43ef85606995,Experiment 2 Dry brush and Duo,89.0,from_page
99,139,1.0,variation,"Rowenta, REVERSO, Ultimate Experience.  Innovation: 2 en 1, sèche cheveux et brosse soufflante, coiffage rapide et facile, gain de place, résultat brushing naturel, cheveux brillants, technologie ionique.",Rowenta,89.0,-,65393c0a-9879-2522-5c7a-dfc94adda775,Experiment 1 Reverso 2 in one,89.0,not_buyer
100,123,1.0,competitor,Sèche-Cheveux Philips Série 3000 avec Fonction Ionique Avancée (modèle BHD351/10),Philips,19.99,-,65393df5-c9e6-1296-d999-d9d9ff0390b5,Experiment 2 Dry brush and Duo,19.99,from_page
101,115,1.0,competitor,BaByliss Sèche-cheveux Powerlight 2000 Design Léger D212E,Babyliss,19.99,-,65393e12-5527-3de9-3581-998233e04efa,Experiment 2 Dry brush and Duo,19.99,from_page
102,125,1.0,competitor,"Sèche-cheveux volumisant Salon Revlon (One-Step, technologie IONIQUE et CÉRAMIQUE, cheveux longs et mi-longs) RVDR5222",Revlon,38.45,-,65393fa4-8543-8dff-602c-1a6bef47f34b,Experiment 1 Reverso 2 in one,38.45,from_page
103,116,2.0,competitor,"Remington Sèche-cheveux Ionique [Puissant & Léger] Ionic Dry Violet (2200W, coiffage délicat en douceur & répartition uniforme de la chaleur, 3 températures / 2 vitesses, Air frais, diffuseur) D3190",Remington,28.4,-,65394046-4b3d-3bcc-87a7-45919d7d8a7c,Experiment 2 Dry brush and Duo,56.8,from_page
104,125,1.0,competitor,"Sèche-cheveux volumisant Salon Revlon (One-Step, technologie IONIQUE et CÉRAMIQUE, cheveux longs et mi-longs) RVDR5222",Revlon,38.45,-,65394014-6024-fc12-5c43-71f8c6190af5,Experiment 2 Dry brush and Duo,38.45,from_page
105,114,1.0,competitor,"Babyliss Sèche-Cheveux Smooth Pro, Noir",Babyliss,29.99,-,653944ae-bada-7adf-af89-8ffe2cefd9ce,Experiment 1 Reverso 2 in one,29.99,not_buyer
106,118,1.0,competitor,Dyson Airwrap Volume + Shape Styler pour cheveux fins et plats,Dyson,749.0,-,65394397-206a-662d-7084-ecc27ac1bb25,Experiment 2 Dry brush and Duo,749.0,from_page
107,119,1.0,competitor,BaByliss Sèche-Cheveux Turbo Smooth 2200 avec Technologie Ionique et Céramique,Babyliss,28.9,-,65394821-164f-419b-5f35-2c2a2c5086f7,Experiment 1 Reverso 2 in one,28.9,from_page
108,129,1.0,competitor,"Revlon Salon One-Step Sèche-cheveux volumisant, cheveux mi-longs à courts, RVDR5282UKE",Revlon,42.99,-,65394990-4416-cc43-50c0-fe103531a9c2,Experiment 1 Reverso 2 in one,42.99,not_buyer
109,128,2.0,competitor,"Babyliss AS952E - BaByliss Paris - Brosse soufflante rotative Big Hair Dual, Or, 1 Unité (Lot de 1)",Babyliss,34.99,-,65394a15-1301-8e1d-6589-bd51d4cbe15f,Experiment 1 Reverso 2 in one,69.98,from_page
110,131,1.0,competitor,"Remington Brosse Soufflante Ionique [4en1: lissage, boucles, ondulations, volume] Curl&Straight Confidence (1000W, Brosse ronde 40mm, Brosse plate, Boucleur 30mm, Concentrateur, Mallette) AS8606",Remington,119.1,-,65394d17-dcb1-4630-8e08-a847f11012be,Experiment 2 Dry brush and Duo,119.1,from_page
111,131,1.0,competitor,"Remington Brosse Soufflante Ionique [4en1: lissage, boucles, ondulations, volume] Curl&Straight Confidence (1000W, Brosse ronde 40mm, Brosse plate, Boucleur 30mm, Concentrateur, Mallette) AS8606",Remington,119.1,-,653952fa-b42e-d062-0569-f8457a207566,Experiment 2 Dry brush and Duo,119.1,from_page
112,120,1.0,competitor,"Remington Sèche-Cheveux 2300W Moteur AC, Léger, Puissant, Maniable - AC5999",Remington,41.38,-,65395584-fec2-1197-61bf-36df38e2aa10,Experiment 1 Reverso 2 in one,41.38,from_page
113,126,1.0,competitor,"Bellissima Brosse Soufflante My Pro GH18 1100 - Brushing Professionnel avec Embouts en Céramique, Système Dry & Style 5 en 1 - 2 Combinaisons de Débit d'Air / Température, Position Air Froid Cool Fix",Bellissima,49.89,-,65395713-e95d-0b1e-db10-561c39c9651a,Experiment 1 Reverso 2 in one,49.89,from_page
114,123,1.0,competitor,Sèche-Cheveux Philips Série 3000 avec Fonction Ionique Avancée (modèle BHD351/10),Philips,19.99,-,65395908-1f6c-5861-8faa-c6cb64b40359,Experiment 2 Dry brush and Duo,19.99,not_buyer
115,120,1.0,competitor,"Remington Sèche-Cheveux 2300W Moteur AC, Léger, Puissant, Maniable - AC5999",Remington,41.38,-,65395d43-9227-2095-c46f-33cb5537fef5,Experiment 1 Reverso 2 in one,41.38,from_page
116,118,1.0,competitor,Dyson Airwrap Volume + Shape Styler pour cheveux fins et plats,Dyson,749.0,-,65395e42-e242-60d6-3963-4a60e500cfac,Experiment 2 Dry brush and Duo,749.0,from_page
117,119,1.0,competitor,BaByliss Sèche-Cheveux Turbo Smooth 2200 avec Technologie Ionique et Céramique,Babyliss,28.9,-,65395f0d-d4a7-4cdb-602a-373857f9cca1,Experiment 2 Dry brush and Duo,28.9,from_page
118,122,1.0,competitor,BaByliss Sèche-cheveux Speed Pro 2000 Moteur AC Fabriqué en Italie 6704WE,Babyliss,38.22,-,65395f7c-ca96-012b-0912-bd52605f29c9,Experiment 2 Dry brush and Duo,38.22,from_page
119,125,1.0,competitor,"Sèche-cheveux volumisant Salon Revlon (One-Step, technologie IONIQUE et CÉRAMIQUE, cheveux longs et mi-longs) RVDR5222",Revlon,38.45,-,6539604d-0056-1bb3-26a1-6bf7e1fe17f2,Experiment 2 Dry brush and Duo,38.45,from_page
120,116,1.0,competitor,"Remington Sèche-cheveux Ionique [Puissant & Léger] Ionic Dry Violet (2200W, coiffage délicat en douceur & répartition uniforme de la chaleur, 3 températures / 2 vitesses, Air frais, diffuseur) D3190",Remington,28.4,-,65396009-8d3a-61d6-4889-775ebf1b40ec,Experiment 2 Dry brush and Duo,28.4,from_page
121,120,2.0,competitor,"Remington Sèche-Cheveux 2300W Moteur AC, Léger, Puissant, Maniable - AC5999",Remington,41.38,-,6539609d-db57-ff5b-759f-cb12f05ab4cc,Experiment 1 Reverso 2 in one,82.76,from_page
122,186,1.0,variation,"Rowenta, DRY & BRUSH DUO, Ultimate Experience.  Innovation: sèche cheveux et brosse soufflante combinés, coiffage rapide et facile, sèche et coiffe, résultat brushing naturel, cheveux brillants, technologie ionique.",Rowenta,89.0,-,6539625e-9ff6-9a30-570e-f401b0033d95,Experiment 2 Dry brush and Duo,89.0,from_page
123,132,1.0,competitor,"Bellissima Brosse Soufflante Ionique Air Wonder - Brosse Chauffante Brushing, Brosses en Céramique, Enduites de Kératine - 2 Températures et Air Frais - Sèche, Volume, 8 Accessoires Inclus, 1000 W",Bellissima,79.47,-,653963cb-05dd-611b-7409-0d1a87351ff6,Experiment 1 Reverso 2 in one,79.47,from_page
124,186,2.0,variation,"Rowenta, DRY & BRUSH DUO, Ultimate Experience.  Innovation: sèche cheveux et brosse soufflante combinés, coiffage rapide et facile, sèche et coiffe, résultat brushing naturel, cheveux brillants, technologie ionique.",Rowenta,89.0,-,653961e9-10b0-b0e1-ef30-e56af18110e9,Experiment 2 Dry brush and Duo,178.0,not_buyer
125,118,1.0,competitor,Dyson Airwrap Volume + Shape Styler pour cheveux fins et plats,Dyson,749.0,-,6539622c-ff05-ff57-4d28-2761f7c77fa1,Experiment 2 Dry brush and Duo,749.0,from_page
126,129,1.0,competitor,"Revlon Salon One-Step Sèche-cheveux volumisant, cheveux mi-longs à courts, RVDR5282UKE",Revlon,42.99,-,653962c0-fa08-e205-4a1e-f9879f7bf523,Experiment 1 Reverso 2 in one,42.99,from_page
127,131,1.0,competitor,"Remington Brosse Soufflante Ionique [4en1: lissage, boucles, ondulations, volume] Curl&Straight Confidence (1000W, Brosse ronde 40mm, Brosse plate, Boucleur 30mm, Concentrateur, Mallette) AS8606",Remington,119.1,-,653964cf-ffcf-847d-5bf9-88d81493235e,Experiment 1 Reverso 2 in one,119.1,from_page
128,118,1.0,competitor,Dyson Airwrap Volume + Shape Styler pour cheveux fins et plats,Dyson,749.0,-,6539657c-eec8-c007-b7bd-d3566e965cdd,Experiment 1 Reverso 2 in one,749.0,from_page
129,125,1.0,competitor,"Sèche-cheveux volumisant Salon Revlon (One-Step, technologie IONIQUE et CÉRAMIQUE, cheveux longs et mi-longs) RVDR5222",Revlon,38.45,-,65396564-4135-9ccc-32c2-a3a8e38d8096,Experiment 1 Reverso 2 in one,38.45,from_page
130,118,1.0,competitor,Dyson Airwrap Volume + Shape Styler pour cheveux fins et plats,Dyson,749.0,-,653965b1-feba-27f7-7da2-94b2103ac605,Experiment 1 Reverso 2 in one,749.0,from_page
131,127,1.0,competitor,"Rowenta Brosse rotative à air chaud, Poils naturels, Enduit de kératine de cachemire, Protège les cheveux, 2 accessoires inclus, Brush Activ Premium Care CF9540F0",Rowenta,69.9,-,6539652c-6fa9-c8da-8a01-fba65b990646,Experiment 1 Reverso 2 in one,69.9,from_page
132,117,1.0,competitor,Dyson Supersonic Sèche-Cheveux édition spéciale Fuchsia avec Grand boîtier,Dyson,398.99,-,653967e2-f6da-b9e1-c125-aa3dcb4aba3a,Experiment 1 Reverso 2 in one,398.99,not_buyer
133,119,1.0,competitor,BaByliss Sèche-Cheveux Turbo Smooth 2200 avec Technologie Ionique et Céramique,Babyliss,28.9,-,653967f2-6ea2-3afc-4c15-980163279dba,Experiment 1 Reverso 2 in one,28.9,from_page
134,117,1.0,competitor,Dyson Supersonic Sèche-Cheveux édition spéciale Fuchsia avec Grand boîtier,Dyson,398.99,-,653967e3-32d9-4957-2408-2563dd8b1447,Experiment 1 Reverso 2 in one,398.99,not_buyer
135,131,1.0,competitor,"Remington Brosse Soufflante Ionique [4en1: lissage, boucles, ondulations, volume] Curl&Straight Confidence (1000W, Brosse ronde 40mm, Brosse plate, Boucleur 30mm, Concentrateur, Mallette) AS8606",Remington,119.1,-,6539685c-f33e-60b1-eed3-11367a0eb5f4,Experiment 2 Dry brush and Duo,119.1,from_page
136,139,1.0,variation,"Rowenta, REVERSO, Ultimate Experience.  Innovation: 2 en 1, sèche cheveux et brosse soufflante, coiffage rapide et facile, gain de place, résultat brushing naturel, cheveux brillants, technologie ionique.",Rowenta,89.0,-,6539695a-80a6-4c67-e4a9-d7420e082a20,Experiment 1 Reverso 2 in one,89.0,from_page
137,114,1.0,competitor,"Babyliss Sèche-Cheveux Smooth Pro, Noir",Babyliss,29.99,-,65396985-7a9c-cfd7-fc29-543499c02911,Experiment 1 Reverso 2 in one,29.99,from_page
138,115,1.0,competitor,BaByliss Sèche-cheveux Powerlight 2000 Design Léger D212E,Babyliss,19.99,-,6539696b-2b5e-3089-5787-47c8b996b7b6,Experiment 1 Reverso 2 in one,19.99,from_page
139,186,1.0,variation,"Rowenta, DRY & BRUSH DUO, Ultimate Experience.  Innovation: sèche cheveux et brosse soufflante combinés, coiffage rapide et facile, sèche et coiffe, résultat brushing naturel, cheveux brillants, technologie ionique.",Rowenta,89.0,-,65396a25-84cc-c052-cc72-17553bacfb68,Experiment 2 Dry brush and Duo,89.0,from_page
140,128,3.0,competitor,"Babyliss AS952E - BaByliss Paris - Brosse soufflante rotative Big Hair Dual, Or, 1 Unité (Lot de 1)",Babyliss,34.99,-,65396c1d-140a-038e-f3e9-1ac155cec1a2,Experiment 1 Reverso 2 in one,104.97,not_buyer
141,132,1.0,competitor,"Bellissima Brosse Soufflante Ionique Air Wonder - Brosse Chauffante Brushing, Brosses en Céramique, Enduites de Kératine - 2 Températures et Air Frais - Sèche, Volume, 8 Accessoires Inclus, 1000 W",Bellissima,79.47,-,65396ced-6d07-d9b5-a469-7aa611d38515,Experiment 1 Reverso 2 in one,79.47,from_page
142,139,1.0,variation,"Rowenta, REVERSO, Ultimate Experience.  Innovation: 2 en 1, sèche cheveux et brosse soufflante, coiffage rapide et facile, gain de place, résultat brushing naturel, cheveux brillants, technologie ionique.",Rowenta,89.0,-,65396f4e-bb73-0c83-e072-6f78c36454bd,Experiment 1 Reverso 2 in one,89.0,from_page
143,186,1.0,variation,"Rowenta, DRY & BRUSH DUO, Ultimate Experience.  Innovation: sèche cheveux et brosse soufflante combinés, coiffage rapide et facile, sèche et coiffe, résultat brushing naturel, cheveux brillants, technologie ionique.",Rowenta,89.0,-,65396fa0-3b18-f308-1e38-06684307f120,Experiment 2 Dry brush and Duo,89.0,not_buyer
144,131,1.0,competitor,"Remington Brosse Soufflante Ionique [4en1: lissage, boucles, ondulations, volume] Curl&Straight Confidence (1000W, Brosse ronde 40mm, Brosse plate, Boucleur 30mm, Concentrateur, Mallette) AS8606",Remington,119.1,-,65396ff1-f7ba-b97d-c601-4bb06ed01547,Experiment 1 Reverso 2 in one,119.1,from_page
145,131,1.0,competitor,"Remington Brosse Soufflante Ionique [4en1: lissage, boucles, ondulations, volume] Curl&Straight Confidence (1000W, Brosse ronde 40mm, Brosse plate, Boucleur 30mm, Concentrateur, Mallette) AS8606",Remington,119.1,-,6539718b-8fba-1aac-3f3c-ac9b274082cb,Experiment 1 Reverso 2 in one,119.1,from_page
146,127,1.0,competitor,"Rowenta Brosse rotative à air chaud, Poils naturels, Enduit de kératine de cachemire, Protège les cheveux, 2 accessoires inclus, Brush Activ Premium Care CF9540F0",Rowenta,69.9,-,65397233-c306-af8a-d5ad-67c08c215810,Experiment 2 Dry brush and Duo,69.9,from_page
147,117,1.0,competitor,Dyson Supersonic Sèche-Cheveux édition spéciale Fuchsia avec Grand boîtier,Dyson,398.99,-,65397260-3336-9a8e-be2e-4ab574f77908,Experiment 1 Reverso 2 in one,398.99,not_buyer
148,114,1.0,competitor,"Babyliss Sèche-Cheveux Smooth Pro, Noir",Babyliss,29.99,-,653973e8-a1c5-0154-8e64-222f847c95fb,Experiment 1 Reverso 2 in one,29.99,from_page
149,117,1.0,competitor,Dyson Supersonic Sèche-Cheveux édition spéciale Fuchsia avec Grand boîtier,Dyson,398.99,-,65397448-df49-afb3-e276-93f58a6870d7,Experiment 1 Reverso 2 in one,398.99,from_page
150,131,1.0,competitor,"Remington Brosse Soufflante Ionique [4en1: lissage, boucles, ondulations, volume] Curl&Straight Confidence (1000W, Brosse ronde 40mm, Brosse plate, Boucleur 30mm, Concentrateur, Mallette) AS8606",Remington,119.1,-,65397592-4079-a407-60a5-1aba3bdbcc09,Experiment 1 Reverso 2 in one,119.1,not_buyer
151,119,1.0,competitor,BaByliss Sèche-Cheveux Turbo Smooth 2200 avec Technologie Ionique et Céramique,Babyliss,28.9,-,65397828-94dd-a1d5-94ca-22076f0d8b02,Experiment 1 Reverso 2 in one,28.9,from_page
152,139,1.0,variation,"Rowenta, REVERSO, Ultimate Experience.  Innovation: 2 en 1, sèche cheveux et brosse soufflante, coiffage rapide et facile, gain de place, résultat brushing naturel, cheveux brillants, technologie ionique.",Rowenta,89.0,-,6539766a-97e7-acb1-553e-1d61eef6317f,Experiment 1 Reverso 2 in one,89.0,from_page
153,186,1.0,variation,"Rowenta, DRY & BRUSH DUO, Ultimate Experience.  Innovation: sèche cheveux et brosse soufflante combinés, coiffage rapide et facile, sèche et coiffe, résultat brushing naturel, cheveux brillants, technologie ionique.",Rowenta,89.0,-,6539792a-6973-fd08-25f6-21f9db0b912b,Experiment 2 Dry brush and Duo,89.0,from_page
154,127,2.0,competitor,"Rowenta Brosse rotative à air chaud, Poils naturels, Enduit de kératine de cachemire, Protège les cheveux, 2 accessoires inclus, Brush Activ Premium Care CF9540F0",Rowenta,69.9,-,653979a2-1b9b-cc68-9a19-475c085b7263,Experiment 1 Reverso 2 in one,139.8,from_page
155,130,1.0,competitor,BaByliss Brosse Soufflante Smooth Boost 300W pour un volume dès la racine 668E Noir,Babyliss,16.9,-,65397958-f2f2-d90f-a481-0a46452dc782,Experiment 2 Dry brush and Duo,16.9,from_page
156,186,1.0,variation,"Rowenta, DRY & BRUSH DUO, Ultimate Experience.  Innovation: sèche cheveux et brosse soufflante combinés, coiffage rapide et facile, sèche et coiffe, résultat brushing naturel, cheveux brillants, technologie ionique.",Rowenta,89.0,-,65397b44-7671-bb98-a53b-3d9adca53304,Experiment 2 Dry brush and Duo,89.0,from_page
157,116,1.0,competitor,"Remington Sèche-cheveux Ionique [Puissant & Léger] Ionic Dry Violet (2200W, coiffage délicat en douceur & répartition uniforme de la chaleur, 3 températures / 2 vitesses, Air frais, diffuseur) D3190",Remington,28.4,-,65397cf0-b1cb-4786-bb52-7515e686c15f,Experiment 2 Dry brush and Duo,28.4,not_buyer
158,128,1.0,competitor,"Babyliss AS952E - BaByliss Paris - Brosse soufflante rotative Big Hair Dual, Or, 1 Unité (Lot de 1)",Babyliss,34.99,-,65397f38-8567-0d48-942c-48e1f2c5cb88,Experiment 2 Dry brush and Duo,34.99,from_page
159,125,1.0,competitor,"Sèche-cheveux volumisant Salon Revlon (One-Step, technologie IONIQUE et CÉRAMIQUE, cheveux longs et mi-longs) RVDR5222",Revlon,38.45,-,65398055-cd56-9c7a-afe5-29ca7cc80db2,Experiment 2 Dry brush and Duo,38.45,from_page
160,118,1.0,competitor,Dyson Airwrap Volume + Shape Styler pour cheveux fins et plats,Dyson,749.0,-,6539828d-119e-790c-18f0-e4643331db43,Experiment 2 Dry brush and Duo,749.0,from_page
161,132,1.0,competitor,"Bellissima Brosse Soufflante Ionique Air Wonder - Brosse Chauffante Brushing, Brosses en Céramique, Enduites de Kératine - 2 Températures et Air Frais - Sèche, Volume, 8 Accessoires Inclus, 1000 W",Bellissima,79.47,-,653982be-ffc3-a9cd-dbfa-8778bea1dc2e,Experiment 1 Reverso 2 in one,79.47,from_page
162,131,1.0,competitor,"Remington Brosse Soufflante Ionique [4en1: lissage, boucles, ondulations, volume] Curl&Straight Confidence (1000W, Brosse ronde 40mm, Brosse plate, Boucleur 30mm, Concentrateur, Mallette) AS8606",Remington,119.1,-,653986b9-8a6a-98f7-ff44-6e3d0cf187be,Experiment 2 Dry brush and Duo,119.1,from_page
163,132,1.0,competitor,"Bellissima Brosse Soufflante Ionique Air Wonder - Brosse Chauffante Brushing, Brosses en Céramique, Enduites de Kératine - 2 Températures et Air Frais - Sèche, Volume, 8 Accessoires Inclus, 1000 W",Bellissima,79.47,-,65398afd-9172-c2e2-cbb8-b50d0ff797f4,Experiment 1 Reverso 2 in one,79.47,from_page
164,126,1.0,competitor,"Bellissima Brosse Soufflante My Pro GH18 1100 - Brushing Professionnel avec Embouts en Céramique, Système Dry & Style 5 en 1 - 2 Combinaisons de Débit d'Air / Température, Position Air Froid Cool Fix",Bellissima,49.89,-,65398adc-30a7-ac7c-2c20-3c9f510c1b15,Experiment 1 Reverso 2 in one,49.89,from_page
165,123,1.0,competitor,Sèche-Cheveux Philips Série 3000 avec Fonction Ionique Avancée (modèle BHD351/10),Philips,19.99,-,65398ba7-9660-d87b-f57a-5f8270d9fccd,Experiment 1 Reverso 2 in one,19.99,from_page
166,186,1.0,variation,"Rowenta, DRY & BRUSH DUO, Ultimate Experience.  Innovation: sèche cheveux et brosse soufflante combinés, coiffage rapide et facile, sèche et coiffe, résultat brushing naturel, cheveux brillants, technologie ionique.",Rowenta,89.0,-,65398b20-2099-6c20-104f-ed805343fb12,Experiment 2 Dry brush and Duo,89.0,not_buyer
167,130,1.0,competitor,BaByliss Brosse Soufflante Smooth Boost 300W pour un volume dès la racine 668E Noir,Babyliss,16.9,-,65398eef-700b-22bb-3c9e-33bb756b489c,Experiment 1 Reverso 2 in one,16.9,from_page
168,120,1.0,competitor,"Remington Sèche-Cheveux 2300W Moteur AC, Léger, Puissant, Maniable - AC5999",Remington,41.38,-,653990b9-a319-583c-12c1-b7ed36dfb377,Experiment 1 Reverso 2 in one,41.38,from_page
169,114,1.0,competitor,"Babyliss Sèche-Cheveux Smooth Pro, Noir",Babyliss,29.99,-,65399123-5791-5ddb-d035-0b36a504a4ec,Experiment 1 Reverso 2 in one,29.99,from_page
170,139,1.0,variation,"Rowenta, REVERSO, Ultimate Experience.  Innovation: 2 en 1, sèche cheveux et brosse soufflante, coiffage rapide et facile, gain de place, résultat brushing naturel, cheveux brillants, technologie ionique.",Rowenta,89.0,-,65399451-6588-72b1-7813-908590ec6827,Experiment 1 Reverso 2 in one,89.0,from_page
171,114,1.0,competitor,"Babyliss Sèche-Cheveux Smooth Pro, Noir",Babyliss,29.99,-,65399526-5a61-0076-687c-20698b23609e,Experiment 1 Reverso 2 in one,29.99,from_page
172,126,1.0,competitor,"Bellissima Brosse Soufflante My Pro GH18 1100 - Brushing Professionnel avec Embouts en Céramique, Système Dry & Style 5 en 1 - 2 Combinaisons de Débit d'Air / Température, Position Air Froid Cool Fix",Bellissima,49.89,-,65399892-135e-d295-4191-2916f010f168,Experiment 2 Dry brush and Duo,49.89,from_page
173,139,1.0,variation,"Rowenta, REVERSO, Ultimate Experience.  Innovation: 2 en 1, sèche cheveux et brosse soufflante, coiffage rapide et facile, gain de place, résultat brushing naturel, cheveux brillants, technologie ionique.",Rowenta,89.0,-,65399d94-2cd3-1b5b-5e83-c7b2c35a9482,Experiment 1 Reverso 2 in one,89.0,from_page
174,132,1.0,competitor,"Bellissima Brosse Soufflante Ionique Air Wonder - Brosse Chauffante Brushing, Brosses en Céramique, Enduites de Kératine - 2 Températures et Air Frais - Sèche, Volume, 8 Accessoires Inclus, 1000 W",Bellissima,79.47,-,6539a672-6fab-01a1-95cf-c271f46bce91,Experiment 2 Dry brush and Duo,79.47,from_page
175,132,1.0,competitor,"Bellissima Brosse Soufflante Ionique Air Wonder - Brosse Chauffante Brushing, Brosses en Céramique, Enduites de Kératine - 2 Températures et Air Frais - Sèche, Volume, 8 Accessoires Inclus, 1000 W",Bellissima,79.47,-,6539b915-a4db-aa8f-c856-853205c49125,Experiment 1 Reverso 2 in one,79.47,from_page
176,132,1.0,competitor,"Bellissima Brosse Soufflante Ionique Air Wonder - Brosse Chauffante Brushing, Brosses en Céramique, Enduites de Kératine - 2 Températures et Air Frais - Sèche, Volume, 8 Accessoires Inclus, 1000 W",Bellissima,79.47,-,6539c820-bb94-0c97-badd-dcddfbb970f3,Experiment 1 Reverso 2 in one,79.47,from_page
177,122,1.0,competitor,BaByliss Sèche-cheveux Speed Pro 2000 Moteur AC Fabriqué en Italie 6704WE,Babyliss,38.22,-,6539ce55-826c-1a23-fce5-cac4de78d272,Experiment 2 Dry brush and Duo,38.22,not_buyer
178,125,1.0,competitor,"Sèche-cheveux volumisant Salon Revlon (One-Step, technologie IONIQUE et CÉRAMIQUE, cheveux longs et mi-longs) RVDR5222",Revlon,38.45,-,6539eded-9f82-2bf5-1168-5ca36aa483ed,Experiment 1 Reverso 2 in one,38.45,from_page
179,125,2.0,competitor,"Sèche-cheveux volumisant Salon Revlon (One-Step, technologie IONIQUE et CÉRAMIQUE, cheveux longs et mi-longs) RVDR5222",Revlon,38.45,-,653a0b5a-73ff-edb9-24d7-f90bca85c1f3,Experiment 1 Reverso 2 in one,76.9,from_page
180,139,1.0,variation,"Rowenta, REVERSO, Ultimate Experience.  Innovation: 2 en 1, sèche cheveux et brosse soufflante, coiffage rapide et facile, gain de place, résultat brushing naturel, cheveux brillants, technologie ionique.",Rowenta,89.0,-,653a0d7e-8613-e31f-bb05-ed0e714f3fd2,Experiment 1 Reverso 2 in one,89.0,from_page
181,128,2.0,competitor,"Babyliss AS952E - BaByliss Paris - Brosse soufflante rotative Big Hair Dual, Or, 1 Unité (Lot de 1)",Babyliss,34.99,-,653a1270-835c-000f-52a4-376c52a3185f,Experiment 1 Reverso 2 in one,69.98,not_buyer
182,126,1.0,competitor,"Bellissima Brosse Soufflante My Pro GH18 1100 - Brushing Professionnel avec Embouts en Céramique, Système Dry & Style 5 en 1 - 2 Combinaisons de Débit d'Air / Température, Position Air Froid Cool Fix",Bellissima,49.89,-,653a1475-1a57-e798-e575-292d49934ae3,Experiment 1 Reverso 2 in one,49.89,from_page
183,118,1.0,competitor,Dyson Airwrap Volume + Shape Styler pour cheveux fins et plats,Dyson,749.0,-,653a1839-3bd9-d1e1-526f-5e779451eae8,Experiment 1 Reverso 2 in one,749.0,from_page
184,132,1.0,competitor,"Bellissima Brosse Soufflante Ionique Air Wonder - Brosse Chauffante Brushing, Brosses en Céramique, Enduites de Kératine - 2 Températures et Air Frais - Sèche, Volume, 8 Accessoires Inclus, 1000 W",Bellissima,79.47,-,653a1daa-8063-ef26-bcbb-e567333bee08,Experiment 2 Dry brush and Duo,79.47,from_page
185,139,1.0,variation,"Rowenta, REVERSO, Ultimate Experience.  Innovation: 2 en 1, sèche cheveux et brosse soufflante, coiffage rapide et facile, gain de place, résultat brushing naturel, cheveux brillants, technologie ionique.",Rowenta,89.0,-,653a1e98-ffe3-77b7-64c1-d87c1785732e,Experiment 1 Reverso 2 in one,89.0,from_page
186,125,1.0,competitor,"Sèche-cheveux volumisant Salon Revlon (One-Step, technologie IONIQUE et CÉRAMIQUE, cheveux longs et mi-longs) RVDR5222",Revlon,38.45,-,6dNy2Mc2M1Rh99393bOZGU,Experiment 2 Dry brush and Duo,38.45,from_page
187,126,1.0,competitor,"Bellissima Brosse Soufflante My Pro GH18 1100 - Brushing Professionnel avec Embouts en Céramique, Système Dry & Style 5 en 1 - 2 Combinaisons de Débit d'Air / Température, Position Air Froid Cool Fix",Bellissima,49.89,-,653a2282-3fdf-fe22-a3ae-fe84b3e060a3,Experiment 2 Dry brush and Duo,49.89,from_page
188,127,2.0,competitor,"Rowenta Brosse rotative à air chaud, Poils naturels, Enduit de kératine de cachemire, Protège les cheveux, 2 accessoires inclus, Brush Activ Premium Care CF9540F0",Rowenta,69.9,-,3p6xpSmWdL5uvhrIErLc9T,Experiment 2 Dry brush and Duo,139.8,not_buyer
189,120,1.0,competitor,"Remington Sèche-Cheveux 2300W Moteur AC, Léger, Puissant, Maniable - AC5999",Remington,41.38,-,0Idet5Z6Znzg2hk1KcSywj,Experiment 1 Reverso 2 in one,41.38,from_page
190,122,3.0,competitor,BaByliss Sèche-cheveux Speed Pro 2000 Moteur AC Fabriqué en Italie 6704WE,Babyliss,38.22,-,1AmPBaBysmI3NF0gD170EM,Experiment 2 Dry brush and Duo,114.66,not_buyer
191,128,1.0,competitor,"Babyliss AS952E - BaByliss Paris - Brosse soufflante rotative Big Hair Dual, Or, 1 Unité (Lot de 1)",Babyliss,34.99,-,60gS4pDud94qt9PQQG0bFu,Experiment 1 Reverso 2 in one,34.99,from_page
192,125,1.0,competitor,"Sèche-cheveux volumisant Salon Revlon (One-Step, technologie IONIQUE et CÉRAMIQUE, cheveux longs et mi-longs) RVDR5222",Revlon,38.45,-,6SLzIOg9VsMC29TGEQ6aX9,Experiment 2 Dry brush and Duo,38.45,from_page
193,116,1.0,competitor,"Remington Sèche-cheveux Ionique [Puissant & Léger] Ionic Dry Violet (2200W, coiffage délicat en douceur & répartition uniforme de la chaleur, 3 températures / 2 vitesses, Air frais, diffuseur) D3190",Remington,28.4,-,7hvZDMt122IWbvNO9r8lpZ,Experiment 2 Dry brush and Duo,28.4,from_page
194,125,1.0,competitor,"Sèche-cheveux volumisant Salon Revlon (One-Step, technologie IONIQUE et CÉRAMIQUE, cheveux longs et mi-longs) RVDR5222",Revlon,38.45,-,5q9wKgn6r9S6sucYHxiubQ,Experiment 1 Reverso 2 in one,38.45,not_buyer
195,118,1.0,competitor,Dyson Airwrap Volume + Shape Styler pour cheveux fins et plats,Dyson,749.0,-,58RflTQTENmRofVd2dmcmO,Experiment 1 Reverso 2 in one,749.0,from_page
196,120,2.0,competitor,"Remington Sèche-Cheveux 2300W Moteur AC, Léger, Puissant, Maniable - AC5999",Remington,41.38,-,04XjQTPYEc4oBj9flyfmRh,Experiment 1 Reverso 2 in one,82.76,not_buyer
197,117,1.0,competitor,Dyson Supersonic Sèche-Cheveux édition spéciale Fuchsia avec Grand boîtier,Dyson,398.99,-,013fkWOu1WRxkLihJBVzHN,Experiment 1 Reverso 2 in one,398.99,from_page
198,127,2.0,competitor,"Rowenta Brosse rotative à air chaud, Poils naturels, Enduit de kératine de cachemire, Protège les cheveux, 2 accessoires inclus, Brush Activ Premium Care CF9540F0",Rowenta,69.9,-,5h9hIfHSLkhY0HLTad5dK5,Experiment 2 Dry brush and Duo,139.8,from_page
199,130,1.0,competitor,BaByliss Brosse Soufflante Smooth Boost 300W pour un volume dès la racine 668E Noir,Babyliss,16.9,-,1ZLtEtQdKMtTjGePYeSAgn,Experiment 1 Reverso 2 in one,16.9,from_page
200,186,1.0,variation,"Rowenta, DRY & BRUSH DUO, Ultimate Experience.  Innovation: sèche cheveux et brosse soufflante combinés, coiffage rapide et facile, sèche et coiffe, résultat brushing naturel, cheveux brillants, technologie ionique.",Rowenta,89.0,-,7iUemMHBqhOM7AXorZI84I,Experiment 2 Dry brush and Duo,89.0,from_page
201,117,1.0,competitor,Dyson Supersonic Sèche-Cheveux édition spéciale Fuchsia avec Grand boîtier,Dyson,398.99,-,7BZRGIIWORV0rPOPcOMo2b,Experiment 2 Dry brush and Duo,398.99,from_page
202,139,1.0,variation,"Rowenta, REVERSO, Ultimate Experience.  Innovation: 2 en 1, sèche cheveux et brosse soufflante, coiffage rapide et facile, gain de place, résultat brushing naturel, cheveux brillants, technologie ionique.",Rowenta,89.0,-,2LpkskdrDe5fhxOZntwjMP,Experiment 1 Reverso 2 in one,89.0,not_buyer
203,117,2.0,competitor,Dyson Supersonic Sèche-Cheveux édition spéciale Fuchsia avec Grand boîtier,Dyson,398.99,-,0ES7vRvAujGZCZTXhW07JQ,Experiment 2 Dry brush and Duo,797.98,from_page
204,118,1.0,competitor,Dyson Airwrap Volume + Shape Styler pour cheveux fins et plats,Dyson,749.0,-,3LEby4S1YCGLyAEIcCEUP9,Experiment 1 Reverso 2 in one,749.0,from_page
205,118,2.0,competitor,Dyson Airwrap Volume + Shape Styler pour cheveux fins et plats,Dyson,749.0,-,14I2lRN4hwbnzhlFxwU06l,Experiment 2 Dry brush and Duo,1498.0,from_page
206,119,1.0,competitor,BaByliss Sèche-Cheveux Turbo Smooth 2200 avec Technologie Ionique et Céramique,Babyliss,28.9,-,653a297e-7f4b-3b55-d623-9e3fa0e5802d,Experiment 1 Reverso 2 in one,28.9,from_page
207,118,1.0,competitor,Dyson Airwrap Volume + Shape Styler pour cheveux fins et plats,Dyson,749.0,-,79DY9pdtOcyoS6hAPw4JrH,Experiment 1 Reverso 2 in one,749.0,from_page
208,186,1.0,variation,"Rowenta, DRY & BRUSH DUO, Ultimate Experience.  Innovation: sèche cheveux et brosse soufflante combinés, coiffage rapide et facile, sèche et coiffe, résultat brushing naturel, cheveux brillants, technologie ionique.",Rowenta,89.0,-,6PknDB7kUOnAI6WdgzAnmg,Experiment 2 Dry brush and Duo,89.0,from_page
209,128,1.0,competitor,"Babyliss AS952E - BaByliss Paris - Brosse soufflante rotative Big Hair Dual, Or, 1 Unité (Lot de 1)",Babyliss,34.99,-,0dWYZMxeqXrJyVplBF7mgk,Experiment 1 Reverso 2 in one,34.99,from_page
210,115,1.0,competitor,BaByliss Sèche-cheveux Powerlight 2000 Design Léger D212E,Babyliss,19.99,-,2p7NCnUR9Y9vmJrYLFvI2e,Experiment 2 Dry brush and Duo,19.99,from_page
211,129,1.0,competitor,"Revlon Salon One-Step Sèche-cheveux volumisant, cheveux mi-longs à courts, RVDR5282UKE",Revlon,42.99,-,4Z785ynRpgQhaKa3ODEG6N,Experiment 2 Dry brush and Duo,42.99,from_page
212,118,1.0,competitor,Dyson Airwrap Volume + Shape Styler pour cheveux fins et plats,Dyson,749.0,-,5xMduCgrr9OjTpJ3VG1TwK,Experiment 1 Reverso 2 in one,749.0,from_page
213,114,1.0,competitor,"Babyliss Sèche-Cheveux Smooth Pro, Noir",Babyliss,29.99,-,3AK5MZAm7szt1thRC41b6r,Experiment 2 Dry brush and Duo,29.99,not_buyer
214,122,1.0,competitor,BaByliss Sèche-cheveux Speed Pro 2000 Moteur AC Fabriqué en Italie 6704WE,Babyliss,38.22,-,4l3gkmt26SA8YW2ZhepQMj,Experiment 1 Reverso 2 in one,38.22,from_page
215,118,1.0,competitor,Dyson Airwrap Volume + Shape Styler pour cheveux fins et plats,Dyson,749.0,-,3pVRL8zeJosFM7xIYxklVV,Experiment 2 Dry brush and Duo,749.0,not_buyer
216,118,1.0,competitor,Dyson Airwrap Volume + Shape Styler pour cheveux fins et plats,Dyson,749.0,-,3UYXAUNiQDq8xQnTYZjxg6,Experiment 1 Reverso 2 in one,749.0,not_buyer
217,120,1.0,competitor,"Remington Sèche-Cheveux 2300W Moteur AC, Léger, Puissant, Maniable - AC5999",Remington,41.38,-,5EtrWDhwhftCTyID32N2dV,Experiment 1 Reverso 2 in one,41.38,from_page
218,120,1.0,competitor,"Remington Sèche-Cheveux 2300W Moteur AC, Léger, Puissant, Maniable - AC5999",Remington,41.38,-,28dcSVmaZu8nlCUHdY19Tx,Experiment 1 Reverso 2 in one,41.38,from_page
219,186,1.0,variation,"Rowenta, DRY & BRUSH DUO, Ultimate Experience.  Innovation: sèche cheveux et brosse soufflante combinés, coiffage rapide et facile, sèche et coiffe, résultat brushing naturel, cheveux brillants, technologie ionique.",Rowenta,89.0,-,0qEOWwIEy2rjdWu3a2Wf9J,Experiment 2 Dry brush and Duo,89.0,from_page
220,120,3.0,competitor,"Remington Sèche-Cheveux 2300W Moteur AC, Léger, Puissant, Maniable - AC5999",Remington,41.38,-,4WPPHP5JeOiNtJ35HUEpuR,Experiment 2 Dry brush and Duo,124.14,from_page
221,132,1.0,competitor,"Bellissima Brosse Soufflante Ionique Air Wonder - Brosse Chauffante Brushing, Brosses en Céramique, Enduites de Kératine - 2 Températures et Air Frais - Sèche, Volume, 8 Accessoires Inclus, 1000 W",Bellissima,79.47,-,5jUl5xxwukjw3ggDxHN87d,Experiment 2 Dry brush and Duo,79.47,from_page
222,118,2.0,competitor,Dyson Airwrap Volume + Shape Styler pour cheveux fins et plats,Dyson,749.0,-,7jCRJzxLr93D70K1GNlzqT,Experiment 1 Reverso 2 in one,1498.0,from_page
223,132,1.0,competitor,"Bellissima Brosse Soufflante Ionique Air Wonder - Brosse Chauffante Brushing, Brosses en Céramique, Enduites de Kératine - 2 Températures et Air Frais - Sèche, Volume, 8 Accessoires Inclus, 1000 W",Bellissima,79.47,-,1HwwguebJaWCMYiVronnCH,Experiment 2 Dry brush and Duo,79.47,not_buyer
224,125,1.0,competitor,"Sèche-cheveux volumisant Salon Revlon (One-Step, technologie IONIQUE et CÉRAMIQUE, cheveux longs et mi-longs) RVDR5222",Revlon,38.45,-,7sh41SaSYD8mmv1I6PbGci,Experiment 1 Reverso 2 in one,38.45,from_page
225,132,1.0,competitor,"Bellissima Brosse Soufflante Ionique Air Wonder - Brosse Chauffante Brushing, Brosses en Céramique, Enduites de Kératine - 2 Températures et Air Frais - Sèche, Volume, 8 Accessoires Inclus, 1000 W",Bellissima,79.47,-,1WVuKF5of91aUhfHNfLQ6e,Experiment 1 Reverso 2 in one,79.47,from_page
226,118,1.0,competitor,Dyson Airwrap Volume + Shape Styler pour cheveux fins et plats,Dyson,749.0,-,653a2b7d-e223-33d2-3e82-109beee854b2,Experiment 1 Reverso 2 in one,749.0,from_page
227,186,3.0,variation,"Rowenta, DRY & BRUSH DUO, Ultimate Experience.  Innovation: sèche cheveux et brosse soufflante combinés, coiffage rapide et facile, sèche et coiffe, résultat brushing naturel, cheveux brillants, technologie ionique.",Rowenta,89.0,-,10Mwt7kUZnskrnV1w4dfcS,Experiment 2 Dry brush and Duo,267.0,from_page
228,125,1.0,competitor,"Sèche-cheveux volumisant Salon Revlon (One-Step, technologie IONIQUE et CÉRAMIQUE, cheveux longs et mi-longs) RVDR5222",Revlon,38.45,-,0FMYETQts5h3aeXjg2BhGK,Experiment 2 Dry brush and Duo,38.45,from_page
229,120,1.0,competitor,"Remington Sèche-Cheveux 2300W Moteur AC, Léger, Puissant, Maniable - AC5999",Remington,41.38,-,0TjsoqNdrvKkzPfjvj0wIE,Experiment 2 Dry brush and Duo,41.38,not_buyer
230,126,1.0,competitor,"Bellissima Brosse Soufflante My Pro GH18 1100 - Brushing Professionnel avec Embouts en Céramique, Système Dry & Style 5 en 1 - 2 Combinaisons de Débit d'Air / Température, Position Air Froid Cool Fix",Bellissima,49.89,-,3OC2JPfbaSoUMri6PMNgN3,Experiment 2 Dry brush and Duo,49.89,from_page
231,127,1.0,competitor,"Rowenta Brosse rotative à air chaud, Poils naturels, Enduit de kératine de cachemire, Protège les cheveux, 2 accessoires inclus, Brush Activ Premium Care CF9540F0",Rowenta,69.9,-,0xrvQ9FjY0Q8W2h9VqEH1l,Experiment 1 Reverso 2 in one,69.9,from_page
232,119,1.0,competitor,BaByliss Sèche-Cheveux Turbo Smooth 2200 avec Technologie Ionique et Céramique,Babyliss,28.9,-,0JP6zjV1JoW17NSDkV4nPu,Experiment 2 Dry brush and Duo,28.9,from_page
233,186,2.0,variation,"Rowenta, DRY & BRUSH DUO, Ultimate Experience.  Innovation: sèche cheveux et brosse soufflante combinés, coiffage rapide et facile, sèche et coiffe, résultat brushing naturel, cheveux brillants, technologie ionique.",Rowenta,89.0,-,0N8z5ijNnJGfUuu59h2fRz,Experiment 2 Dry brush and Duo,178.0,from_page
234,118,3.0,competitor,Dyson Airwrap Volume + Shape Styler pour cheveux fins et plats,Dyson,749.0,-,2UftkFLngrVlGeex15jxKz,Experiment 2 Dry brush and Duo,2247.0,from_page
235,118,1.0,competitor,Dyson Airwrap Volume + Shape Styler pour cheveux fins et plats,Dyson,749.0,-,07L3Vbv86gSBhg6SrvrNXu,Experiment 1 Reverso 2 in one,749.0,from_page
236,125,1.0,competitor,"Sèche-cheveux volumisant Salon Revlon (One-Step, technologie IONIQUE et CÉRAMIQUE, cheveux longs et mi-longs) RVDR5222",Revlon,38.45,-,3o49K0eVhOZha5t9pW20d3,Experiment 2 Dry brush and Duo,38.45,from_page
237,128,1.0,competitor,"Babyliss AS952E - BaByliss Paris - Brosse soufflante rotative Big Hair Dual, Or, 1 Unité (Lot de 1)",Babyliss,34.99,-,04h4jLGwlbFuUTg9i29wCg,Experiment 2 Dry brush and Duo,34.99,from_page
238,186,1.0,variation,"Rowenta, DRY & BRUSH DUO, Ultimate Experience.  Innovation: sèche cheveux et brosse soufflante combinés, coiffage rapide et facile, sèche et coiffe, résultat brushing naturel, cheveux brillants, technologie ionique.",Rowenta,89.0,-,2H2q9JoV4P55Zddpw6Lg1l,Experiment 2 Dry brush and Duo,89.0,from_page
239,139,1.0,variation,"Rowenta, REVERSO, Ultimate Experience.  Innovation: 2 en 1, sèche cheveux et brosse soufflante, coiffage rapide et facile, gain de place, résultat brushing naturel, cheveux brillants, technologie ionique.",Rowenta,89.0,-,3b3Dr9iMDXqbEQKQWJafHK,Experiment 1 Reverso 2 in one,89.0,from_page
240,139,1.0,variation,"Rowenta, REVERSO, Ultimate Experience.  Innovation: 2 en 1, sèche cheveux et brosse soufflante, coiffage rapide et facile, gain de place, résultat brushing naturel, cheveux brillants, technologie ionique.",Rowenta,89.0,-,5ZTCqolsTcttBpFAqer52N,Experiment 1 Reverso 2 in one,89.0,from_page
241,131,1.0,competitor,"Remington Brosse Soufflante Ionique [4en1: lissage, boucles, ondulations, volume] Curl&Straight Confidence (1000W, Brosse ronde 40mm, Brosse plate, Boucleur 30mm, Concentrateur, Mallette) AS8606",Remington,119.1,-,3V1kIqSvXk5J7XkadHm9Nm,Experiment 2 Dry brush and Duo,119.1,from_page
242,128,1.0,competitor,"Babyliss AS952E - BaByliss Paris - Brosse soufflante rotative Big Hair Dual, Or, 1 Unité (Lot de 1)",Babyliss,34.99,-,3jVzQVDKdMycDRnojJTHOJ,Experiment 2 Dry brush and Duo,34.99,from_page
243,114,1.0,competitor,"Babyliss Sèche-Cheveux Smooth Pro, Noir",Babyliss,29.99,-,3kQImv4DS7lLKUSIRn0qA8,Experiment 2 Dry brush and Duo,29.99,from_page
244,139,2.0,variation,"Rowenta, REVERSO, Ultimate Experience.  Innovation: 2 en 1, sèche cheveux et brosse soufflante, coiffage rapide et facile, gain de place, résultat brushing naturel, cheveux brillants, technologie ionique.",Rowenta,89.0,-,11dKOg1m2lkol1nyTIMCoL,Experiment 1 Reverso 2 in one,178.0,from_page
245,126,1.0,competitor,"Bellissima Brosse Soufflante My Pro GH18 1100 - Brushing Professionnel avec Embouts en Céramique, Système Dry & Style 5 en 1 - 2 Combinaisons de Débit d'Air / Température, Position Air Froid Cool Fix",Bellissima,49.89,-,3Qlga4Vests72aXXdqCDgz,Experiment 2 Dry brush and Duo,49.89,from_page
246,117,1.0,competitor,Dyson Supersonic Sèche-Cheveux édition spéciale Fuchsia avec Grand boîtier,Dyson,398.99,-,01zE3KaRpomhjLUEycp0Cj,Experiment 1 Reverso 2 in one,398.99,from_page
247,139,1.0,variation,"Rowenta, REVERSO, Ultimate Experience.  Innovation: 2 en 1, sèche cheveux et brosse soufflante, coiffage rapide et facile, gain de place, résultat brushing naturel, cheveux brillants, technologie ionique.",Rowenta,89.0,-,4OPvoaU2TJPoBtHn7SIyTa,Experiment 1 Reverso 2 in one,89.0,from_page
248,123,2.0,competitor,Sèche-Cheveux Philips Série 3000 avec Fonction Ionique Avancée (modèle BHD351/10),Philips,19.99,-,7mByO6DeD67awdhDK1NCbu,Experiment 2 Dry brush and Duo,39.98,from_page
249,139,1.0,variation,"Rowenta, REVERSO, Ultimate Experience.  Innovation: 2 en 1, sèche cheveux et brosse soufflante, coiffage rapide et facile, gain de place, résultat brushing naturel, cheveux brillants, technologie ionique.",Rowenta,89.0,-,0RVlrRCsi7cp6z5fyS4vff,Experiment 1 Reverso 2 in one,89.0,from_page
250,119,1.0,competitor,BaByliss Sèche-Cheveux Turbo Smooth 2200 avec Technologie Ionique et Céramique,Babyliss,28.9,-,46d0zDJ0ueQxKoxCGJabY8,Experiment 2 Dry brush and Duo,28.9,from_page
251,132,1.0,competitor,"Bellissima Brosse Soufflante Ionique Air Wonder - Brosse Chauffante Brushing, Brosses en Céramique, Enduites de Kératine - 2 Températures et Air Frais - Sèche, Volume, 8 Accessoires Inclus, 1000 W",Bellissima,79.47,-,5NNGCP2QXpGVDLE92VgRjF,Experiment 1 Reverso 2 in one,79.47,from_page
252,118,1.0,competitor,Dyson Airwrap Volume + Shape Styler pour cheveux fins et plats,Dyson,749.0,-,5R5TlEfcxO4wGIcFDB6Jdg,Experiment 1 Reverso 2 in one,749.0,from_page
253,123,1.0,competitor,Sèche-Cheveux Philips Série 3000 avec Fonction Ionique Avancée (modèle BHD351/10),Philips,19.99,-,45hc9hyvjVgMQcoKkkRc6G,Experiment 2 Dry brush and Duo,19.99,from_page
254,118,1.0,competitor,Dyson Airwrap Volume + Shape Styler pour cheveux fins et plats,Dyson,749.0,-,6TWZxdbdmYdo8l1rcmB0MK,Experiment 1 Reverso 2 in one,749.0,not_buyer
255,139,1.0,variation,"Rowenta, REVERSO, Ultimate Experience.  Innovation: 2 en 1, sèche cheveux et brosse soufflante, coiffage rapide et facile, gain de place, résultat brushing naturel, cheveux brillants, technologie ionique.",Rowenta,89.0,-,6d6mTXAqwLZq1ha3tQzmsU,Experiment 1 Reverso 2 in one,89.0,from_page
256,132,1.0,competitor,"Bellissima Brosse Soufflante Ionique Air Wonder - Brosse Chauffante Brushing, Brosses en Céramique, Enduites de Kératine - 2 Températures et Air Frais - Sèche, Volume, 8 Accessoires Inclus, 1000 W",Bellissima,79.47,-,09ia7ZLyBfx40qoSNPxQ1X,Experiment 2 Dry brush and Duo,79.47,from_page
257,126,1.0,competitor,"Bellissima Brosse Soufflante My Pro GH18 1100 - Brushing Professionnel avec Embouts en Céramique, Système Dry & Style 5 en 1 - 2 Combinaisons de Débit d'Air / Température, Position Air Froid Cool Fix",Bellissima,49.89,-,4xB0iPCj4MzmHeyfEgzSxx,Experiment 1 Reverso 2 in one,49.89,from_page
258,122,1.0,competitor,BaByliss Sèche-cheveux Speed Pro 2000 Moteur AC Fabriqué en Italie 6704WE,Babyliss,38.22,-,5SVIa3SM8XuCR45UDrHcOM,Experiment 2 Dry brush and Duo,38.22,not_buyer
259,132,1.0,competitor,"Bellissima Brosse Soufflante Ionique Air Wonder - Brosse Chauffante Brushing, Brosses en Céramique, Enduites de Kératine - 2 Températures et Air Frais - Sèche, Volume, 8 Accessoires Inclus, 1000 W",Bellissima,79.47,-,3ualRHOuEraaGaCSkxSaLT,Experiment 2 Dry brush and Duo,79.47,from_page
260,125,1.0,competitor,"Sèche-cheveux volumisant Salon Revlon (One-Step, technologie IONIQUE et CÉRAMIQUE, cheveux longs et mi-longs) RVDR5222",Revlon,38.45,-,3HUybjMxwqL6IhWlwe8NI3,Experiment 1 Reverso 2 in one,38.45,from_page
261,117,1.0,competitor,Dyson Supersonic Sèche-Cheveux édition spéciale Fuchsia avec Grand boîtier,Dyson,398.99,-,0cAlw7N6333kuxr3cKbiVR,Experiment 2 Dry brush and Duo,398.99,from_page
262,118,1.0,competitor,Dyson Airwrap Volume + Shape Styler pour cheveux fins et plats,Dyson,749.0,-,3JDHfjlMww9T69UHiJQ3sS,Experiment 1 Reverso 2 in one,749.0,from_page
263,117,1.0,competitor,Dyson Supersonic Sèche-Cheveux édition spéciale Fuchsia avec Grand boîtier,Dyson,398.99,-,0gy2Y99Bfwpj8C7wclFkJs,Experiment 1 Reverso 2 in one,398.99,from_page
264,130,1.0,competitor,BaByliss Brosse Soufflante Smooth Boost 300W pour un volume dès la racine 668E Noir,Babyliss,16.9,-,1eOLitDdl4n5rkB5VhvNWZ,Experiment 1 Reverso 2 in one,16.9,from_page
265,125,2.0,competitor,"Sèche-cheveux volumisant Salon Revlon (One-Step, technologie IONIQUE et CÉRAMIQUE, cheveux longs et mi-longs) RVDR5222",Revlon,38.45,-,0zRqG3PYR4699V67rpNn9z,Experiment 1 Reverso 2 in one,76.9,not_buyer
266,127,1.0,competitor,"Rowenta Brosse rotative à air chaud, Poils naturels, Enduit de kératine de cachemire, Protège les cheveux, 2 accessoires inclus, Brush Activ Premium Care CF9540F0",Rowenta,69.9,-,0Owz85KTfjnGPylxIdNGAk,Experiment 1 Reverso 2 in one,69.9,from_page
267,126,1.0,competitor,"Bellissima Brosse Soufflante My Pro GH18 1100 - Brushing Professionnel avec Embouts en Céramique, Système Dry & Style 5 en 1 - 2 Combinaisons de Débit d'Air / Température, Position Air Froid Cool Fix",Bellissima,49.89,-,19UlljHtJjkBSsyM2TtSEN,Experiment 1 Reverso 2 in one,49.89,from_page
268,118,1.0,competitor,Dyson Airwrap Volume + Shape Styler pour cheveux fins et plats,Dyson,749.0,-,691uRA569M5u19pxNvkhgZ,Experiment 2 Dry brush and Duo,749.0,from_page
269,132,1.0,competitor,"Bellissima Brosse Soufflante Ionique Air Wonder - Brosse Chauffante Brushing, Brosses en Céramique, Enduites de Kératine - 2 Températures et Air Frais - Sèche, Volume, 8 Accessoires Inclus, 1000 W",Bellissima,79.47,-,20xD9fXPUqESaIQTKqW3or,Experiment 1 Reverso 2 in one,79.47,from_page
270,117,2.0,competitor,Dyson Supersonic Sèche-Cheveux édition spéciale Fuchsia avec Grand boîtier,Dyson,398.99,-,1btA9pv8qQvZvI8wgYdtAo,Experiment 1 Reverso 2 in one,797.98,not_buyer
271,186,1.0,variation,"Rowenta, DRY & BRUSH DUO, Ultimate Experience.  Innovation: sèche cheveux et brosse soufflante combinés, coiffage rapide et facile, sèche et coiffe, résultat brushing naturel, cheveux brillants, technologie ionique.",Rowenta,89.0,-,61f973NsgOFmGbCpZAyoaR,Experiment 2 Dry brush and Duo,89.0,from_page
272,131,2.0,competitor,"Remington Brosse Soufflante Ionique [4en1: lissage, boucles, ondulations, volume] Curl&Straight Confidence (1000W, Brosse ronde 40mm, Brosse plate, Boucleur 30mm, Concentrateur, Mallette) AS8606",Remington,119.1,-,2Xl5Ao22eyk0iCVEBBMK1h,Experiment 2 Dry brush and Duo,238.2,from_page
273,127,1.0,competitor,"Rowenta Brosse rotative à air chaud, Poils naturels, Enduit de kératine de cachemire, Protège les cheveux, 2 accessoires inclus, Brush Activ Premium Care CF9540F0",Rowenta,69.9,-,2kcyJfB68YHoCQErtVRG3a,Experiment 1 Reverso 2 in one,69.9,from_page
274,130,2.0,competitor,BaByliss Brosse Soufflante Smooth Boost 300W pour un volume dès la racine 668E Noir,Babyliss,16.9,-,5nuob3Ep1JyA6g6O1voLiN,Experiment 2 Dry brush and Duo,33.8,from_page
275,119,1.0,competitor,BaByliss Sèche-Cheveux Turbo Smooth 2200 avec Technologie Ionique et Céramique,Babyliss,28.9,-,5U0lQLTSqnHqS4uKGDL4BC,Experiment 2 Dry brush and Duo,28.9,from_page
276,131,1.0,competitor,"Remington Brosse Soufflante Ionique [4en1: lissage, boucles, ondulations, volume] Curl&Straight Confidence (1000W, Brosse ronde 40mm, Brosse plate, Boucleur 30mm, Concentrateur, Mallette) AS8606",Remington,119.1,-,67S3ZpMbFnHXomr1UQDcLc,Experiment 1 Reverso 2 in one,119.1,from_page
277,128,1.0,competitor,"Babyliss AS952E - BaByliss Paris - Brosse soufflante rotative Big Hair Dual, Or, 1 Unité (Lot de 1)",Babyliss,34.99,-,4Rr98RAA2ECuwfCRwSNFfI,Experiment 2 Dry brush and Duo,34.99,from_page
278,122,2.0,competitor,BaByliss Sèche-cheveux Speed Pro 2000 Moteur AC Fabriqué en Italie 6704WE,Babyliss,38.22,-,7zYdCNUM5J6KjiCQaNwvt8,Experiment 2 Dry brush and Duo,76.44,from_page
279,129,1.0,competitor,"Revlon Salon One-Step Sèche-cheveux volumisant, cheveux mi-longs à courts, RVDR5282UKE",Revlon,42.99,-,45NK1eGaWEtFgVVUOIRHil,Experiment 2 Dry brush and Duo,42.99,from_page
280,115,1.0,competitor,BaByliss Sèche-cheveux Powerlight 2000 Design Léger D212E,Babyliss,19.99,-,5AeF1qNyyRUkeeLFSlG3q8,Experiment 2 Dry brush and Duo,19.99,from_page
281,117,2.0,competitor,Dyson Supersonic Sèche-Cheveux édition spéciale Fuchsia avec Grand boîtier,Dyson,398.99,-,4dNDG9cE58fBfJfAsrfrlQ,Experiment 1 Reverso 2 in one,797.98,from_page
282,139,1.0,variation,"Rowenta, REVERSO, Ultimate Experience.  Innovation: 2 en 1, sèche cheveux et brosse soufflante, coiffage rapide et facile, gain de place, résultat brushing naturel, cheveux brillants, technologie ionique.",Rowenta,89.0,-,64bHkDExM8hDKjl2B99tiw,Experiment 1 Reverso 2 in one,89.0,from_page
283,139,1.0,variation,"Rowenta, REVERSO, Ultimate Experience.  Innovation: 2 en 1, sèche cheveux et brosse soufflante, coiffage rapide et facile, gain de place, résultat brushing naturel, cheveux brillants, technologie ionique.",Rowenta,89.0,-,3XAMEnTewBIjaQJ0XxGPZ3,Experiment 1 Reverso 2 in one,89.0,from_page
284,114,1.0,competitor,"Babyliss Sèche-Cheveux Smooth Pro, Noir",Babyliss,29.99,-,4yKBcN3J7anMrjQok5gFLw,Experiment 2 Dry brush and Duo,29.99,from_page
285,127,1.0,competitor,"Rowenta Brosse rotative à air chaud, Poils naturels, Enduit de kératine de cachemire, Protège les cheveux, 2 accessoires inclus, Brush Activ Premium Care CF9540F0",Rowenta,69.9,-,43R87DkO2hykCpICNZjAWJ,Experiment 1 Reverso 2 in one,69.9,from_page
286,117,1.0,competitor,Dyson Supersonic Sèche-Cheveux édition spéciale Fuchsia avec Grand boîtier,Dyson,398.99,-,5Y62p6dVTiXmTYyPUjqlV0,Experiment 2 Dry brush and Duo,398.99,from_page
287,119,2.0,competitor,BaByliss Sèche-Cheveux Turbo Smooth 2200 avec Technologie Ionique et Céramique,Babyliss,28.9,-,0yNzemRv6Xknkko7xWvYsJ,Experiment 2 Dry brush and Duo,57.8,from_page
288,118,1.0,competitor,Dyson Airwrap Volume + Shape Styler pour cheveux fins et plats,Dyson,749.0,-,1sij2QYPYBqsmlaX2hwndA,Experiment 2 Dry brush and Duo,749.0,from_page
289,139,3.0,variation,"Rowenta, REVERSO, Ultimate Experience.  Innovation: 2 en 1, sèche cheveux et brosse soufflante, coiffage rapide et facile, gain de place, résultat brushing naturel, cheveux brillants, technologie ionique.",Rowenta,89.0,-,7of3afxhfsFf0xCJF5nM0u,Experiment 1 Reverso 2 in one,267.0,from_page
290,132,1.0,competitor,"Bellissima Brosse Soufflante Ionique Air Wonder - Brosse Chauffante Brushing, Brosses en Céramique, Enduites de Kératine - 2 Températures et Air Frais - Sèche, Volume, 8 Accessoires Inclus, 1000 W",Bellissima,79.47,-,3PlGmFHHA1OdfVZSONpuTd,Experiment 2 Dry brush and Duo,79.47,from_page
291,127,1.0,competitor,"Rowenta Brosse rotative à air chaud, Poils naturels, Enduit de kératine de cachemire, Protège les cheveux, 2 accessoires inclus, Brush Activ Premium Care CF9540F0",Rowenta,69.9,-,2UwRodSYjc8sWvlwPvfRzQ,Experiment 1 Reverso 2 in one,69.9,from_page
292,114,2.0,competitor,"Babyliss Sèche-Cheveux Smooth Pro, Noir",Babyliss,29.99,-,4LvcEtqUou0u7nXRxZKoPB,Experiment 1 Reverso 2 in one,59.98,from_page
293,128,1.0,competitor,"Babyliss AS952E - BaByliss Paris - Brosse soufflante rotative Big Hair Dual, Or, 1 Unité (Lot de 1)",Babyliss,34.99,-,39YJshSh7Nz07ZXTDLIy1a,Experiment 1 Reverso 2 in one,34.99,from_page
294,118,1.0,competitor,Dyson Airwrap Volume + Shape Styler pour cheveux fins et plats,Dyson,749.0,-,7zoy4rGRMHaMAjfn4pCWP6,Experiment 2 Dry brush and Duo,749.0,not_buyer
295,139,1.0,variation,"Rowenta, REVERSO, Ultimate Experience.  Innovation: 2 en 1, sèche cheveux et brosse soufflante, coiffage rapide et facile, gain de place, résultat brushing naturel, cheveux brillants, technologie ionique.",Rowenta,89.0,-,0qvuJfks2j77taxxeekH77,Experiment 1 Reverso 2 in one,89.0,from_page
296,116,2.0,competitor,"Remington Sèche-cheveux Ionique [Puissant & Léger] Ionic Dry Violet (2200W, coiffage délicat en douceur & répartition uniforme de la chaleur, 3 températures / 2 vitesses, Air frais, diffuseur) D3190",Remington,28.4,-,3Dg5aqSLQgbQVYZpNln9K2,Experiment 2 Dry brush and Duo,56.8,from_page
297,127,1.0,competitor,"Rowenta Brosse rotative à air chaud, Poils naturels, Enduit de kératine de cachemire, Protège les cheveux, 2 accessoires inclus, Brush Activ Premium Care CF9540F0",Rowenta,69.9,-,685SzJ2DYsB4vQt2XB6PV2,Experiment 1 Reverso 2 in one,69.9,from_page
298,131,2.0,competitor,"Remington Brosse Soufflante Ionique [4en1: lissage, boucles, ondulations, volume] Curl&Straight Confidence (1000W, Brosse ronde 40mm, Brosse plate, Boucleur 30mm, Concentrateur, Mallette) AS8606",Remington,119.1,-,4R55ATJez2x9QX4CFQQgwc,Experiment 1 Reverso 2 in one,238.2,from_page
299,186,1.0,variation,"Rowenta, DRY & BRUSH DUO, Ultimate Experience.  Innovation: sèche cheveux et brosse soufflante combinés, coiffage rapide et facile, sèche et coiffe, résultat brushing naturel, cheveux brillants, technologie ionique.",Rowenta,89.0,-,3MXN0TpisVZ2cHyo9IcJVS,Experiment 2 Dry brush and Duo,89.0,from_page
300,126,2.0,competitor,"Bellissima Brosse Soufflante My Pro GH18 1100 - Brushing Professionnel avec Embouts en Céramique, Système Dry & Style 5 en 1 - 2 Combinaisons de Débit d'Air / Température, Position Air Froid Cool Fix",Bellissima,49.89,-,03pPYpnzOALGrZvfcgJC3O,Experiment 2 Dry brush and Duo,99.78,from_page
301,132,1.0,competitor,"Bellissima Brosse Soufflante Ionique Air Wonder - Brosse Chauffante Brushing, Brosses en Céramique, Enduites de Kératine - 2 Températures et Air Frais - Sèche, Volume, 8 Accessoires Inclus, 1000 W",Bellissima,79.47,-,50owHNVjoNlXMiLsqyBcYb,Experiment 2 Dry brush and Duo,79.47,from_page
302,120,1.0,competitor,"Remington Sèche-Cheveux 2300W Moteur AC, Léger, Puissant, Maniable - AC5999",Remington,41.38,-,2GOViDR2Aw3YMav8tZ3XBY,Experiment 1 Reverso 2 in one,41.38,from_page
303,119,2.0,competitor,BaByliss Sèche-Cheveux Turbo Smooth 2200 avec Technologie Ionique et Céramique,Babyliss,28.9,-,4AO9EyEiSAUMwonBtkKezg,Experiment 2 Dry brush and Duo,57.8,from_page
304,118,1.0,competitor,Dyson Airwrap Volume + Shape Styler pour cheveux fins et plats,Dyson,749.0,-,6kZIdCLo3c7S3JWo91lU1s,Experiment 1 Reverso 2 in one,749.0,from_page
305,117,2.0,competitor,Dyson Supersonic Sèche-Cheveux édition spéciale Fuchsia avec Grand boîtier,Dyson,398.99,-,7MBt565QRH473cXMX0Iszn,Experiment 1 Reverso 2 in one,797.98,from_page
306,125,1.0,competitor,"Sèche-cheveux volumisant Salon Revlon (One-Step, technologie IONIQUE et CÉRAMIQUE, cheveux longs et mi-longs) RVDR5222",Revlon,38.45,-,72zC2WRXadoKNWbLidzdY0,Experiment 1 Reverso 2 in one,38.45,not_buyer
307,115,1.0,competitor,BaByliss Sèche-cheveux Powerlight 2000 Design Léger D212E,Babyliss,19.99,-,5sbKOKujfs7OvSZPTI0P3N,Experiment 1 Reverso 2 in one,19.99,not_buyer
308,128,1.0,competitor,"Babyliss AS952E - BaByliss Paris - Brosse soufflante rotative Big Hair Dual, Or, 1 Unité (Lot de 1)",Babyliss,34.99,-,61EPhBY6SpaaHo2ALWTHdV,Experiment 1 Reverso 2 in one,34.99,from_page
309,118,1.0,competitor,Dyson Airwrap Volume + Shape Styler pour cheveux fins et plats,Dyson,749.0,-,24YGmdxzT3BCqAEzMMOdjW,Experiment 1 Reverso 2 in one,749.0,from_page
310,186,1.0,variation,"Rowenta, DRY & BRUSH DUO, Ultimate Experience.  Innovation: sèche cheveux et brosse soufflante combinés, coiffage rapide et facile, sèche et coiffe, résultat brushing naturel, cheveux brillants, technologie ionique.",Rowenta,89.0,-,3nmpJfSFVop4EKLrzlaPZq,Experiment 2 Dry brush and Duo,89.0,from_page
311,118,1.0,competitor,Dyson Airwrap Volume + Shape Styler pour cheveux fins et plats,Dyson,749.0,-,5TBhySTzvIKR5oJUINFB7G,Experiment 2 Dry brush and Duo,749.0,from_page
312,125,1.0,competitor,"Sèche-cheveux volumisant Salon Revlon (One-Step, technologie IONIQUE et CÉRAMIQUE, cheveux longs et mi-longs) RVDR5222",Revlon,38.45,-,4LK583CphgDIlaOXDjI5Bc,Experiment 1 Reverso 2 in one,38.45,from_page
313,132,1.0,competitor,"Bellissima Brosse Soufflante Ionique Air Wonder - Brosse Chauffante Brushing, Brosses en Céramique, Enduites de Kératine - 2 Températures et Air Frais - Sèche, Volume, 8 Accessoires Inclus, 1000 W",Bellissima,79.47,-,5mRpmuuBjPGCNcwTYyCiBI,Experiment 2 Dry brush and Duo,79.47,from_page
314,131,2.0,competitor,"Remington Brosse Soufflante Ionique [4en1: lissage, boucles, ondulations, volume] Curl&Straight Confidence (1000W, Brosse ronde 40mm, Brosse plate, Boucleur 30mm, Concentrateur, Mallette) AS8606",Remington,119.1,-,0P4Zofk1dnQ8FqrOkjdBHG,Experiment 2 Dry brush and Duo,238.2,from_page
315,132,1.0,competitor,"Bellissima Brosse Soufflante Ionique Air Wonder - Brosse Chauffante Brushing, Brosses en Céramique, Enduites de Kératine - 2 Températures et Air Frais - Sèche, Volume, 8 Accessoires Inclus, 1000 W",Bellissima,79.47,-,6i29DKjhgzKaJCMwZTABVm,Experiment 2 Dry brush and Duo,79.47,from_page
316,114,1.0,competitor,"Babyliss Sèche-Cheveux Smooth Pro, Noir",Babyliss,29.99,-,3iSHkkJuqnCxcCI6LrDHbL,Experiment 1 Reverso 2 in one,29.99,not_buyer
317,119,1.0,competitor,BaByliss Sèche-Cheveux Turbo Smooth 2200 avec Technologie Ionique et Céramique,Babyliss,28.9,-,5kurpWlzfbOJMxxnrR87pi,Experiment 2 Dry brush and Duo,28.9,from_page
318,131,3.0,competitor,"Remington Brosse Soufflante Ionique [4en1: lissage, boucles, ondulations, volume] Curl&Straight Confidence (1000W, Brosse ronde 40mm, Brosse plate, Boucleur 30mm, Concentrateur, Mallette) AS8606",Remington,119.1,-,2VZKT3TzlamuumSm1PPU8g,Experiment 2 Dry brush and Duo,357.29999999999995,from_page
319,186,1.0,variation,"Rowenta, DRY & BRUSH DUO, Ultimate Experience.  Innovation: sèche cheveux et brosse soufflante combinés, coiffage rapide et facile, sèche et coiffe, résultat brushing naturel, cheveux brillants, technologie ionique.",Rowenta,89.0,-,1Kc8gKzAhC0BSeiCH0a5nT,Experiment 2 Dry brush and Duo,89.0,from_page
320,128,2.0,competitor,"Babyliss AS952E - BaByliss Paris - Brosse soufflante rotative Big Hair Dual, Or, 1 Unité (Lot de 1)",Babyliss,34.99,-,3x0N13vRaeQUovoGyM4mJO,Experiment 2 Dry brush and Duo,69.98,from_page
321,123,1.0,competitor,Sèche-Cheveux Philips Série 3000 avec Fonction Ionique Avancée (modèle BHD351/10),Philips,19.99,-,4lSzhu1TAL2vYqEqglZiNg,Experiment 1 Reverso 2 in one,19.99,from_page
322,131,1.0,competitor,"Remington Brosse Soufflante Ionique [4en1: lissage, boucles, ondulations, volume] Curl&Straight Confidence (1000W, Brosse ronde 40mm, Brosse plate, Boucleur 30mm, Concentrateur, Mallette) AS8606",Remington,119.1,-,6JcTY8FkHpGragaK3gUsg9,Experiment 2 Dry brush and Duo,119.1,from_page
323,119,1.0,competitor,BaByliss Sèche-Cheveux Turbo Smooth 2200 avec Technologie Ionique et Céramique,Babyliss,28.9,-,26vumgkfqVuIDBDhSwp9jP,Experiment 1 Reverso 2 in one,28.9,from_page
324,132,1.0,competitor,"Bellissima Brosse Soufflante Ionique Air Wonder - Brosse Chauffante Brushing, Brosses en Céramique, Enduites de Kératine - 2 Températures et Air Frais - Sèche, Volume, 8 Accessoires Inclus, 1000 W",Bellissima,79.47,-,0q9y6XyYR3oXem8xvC03m6,Experiment 1 Reverso 2 in one,79.47,from_page
325,132,1.0,competitor,"Bellissima Brosse Soufflante Ionique Air Wonder - Brosse Chauffante Brushing, Brosses en Céramique, Enduites de Kératine - 2 Températures et Air Frais - Sèche, Volume, 8 Accessoires Inclus, 1000 W",Bellissima,79.47,-,0HGtCmmym5CFz9ijQ1MrsO,Experiment 1 Reverso 2 in one,79.47,from_page
326,120,2.0,competitor,"Remington Sèche-Cheveux 2300W Moteur AC, Léger, Puissant, Maniable - AC5999",Remington,41.38,-,1nRSfhAgNguzlqnmN67TDR,Experiment 2 Dry brush and Duo,82.76,from_page
327,127,1.0,competitor,"Rowenta Brosse rotative à air chaud, Poils naturels, Enduit de kératine de cachemire, Protège les cheveux, 2 accessoires inclus, Brush Activ Premium Care CF9540F0",Rowenta,69.9,-,6LmbguJPfvFBvoPBeUpbRf,Experiment 1 Reverso 2 in one,69.9,from_page
328,118,1.0,competitor,Dyson Airwrap Volume + Shape Styler pour cheveux fins et plats,Dyson,749.0,-,1rZxceFbGXULMwGN2fHisQ,Experiment 2 Dry brush and Duo,749.0,from_page
329,127,1.0,competitor,"Rowenta Brosse rotative à air chaud, Poils naturels, Enduit de kératine de cachemire, Protège les cheveux, 2 accessoires inclus, Brush Activ Premium Care CF9540F0",Rowenta,69.9,-,2zzXSDcasTZRbokGeIwasw,Experiment 1 Reverso 2 in one,69.9,from_page
330,132,1.0,competitor,"Bellissima Brosse Soufflante Ionique Air Wonder - Brosse Chauffante Brushing, Brosses en Céramique, Enduites de Kératine - 2 Températures et Air Frais - Sèche, Volume, 8 Accessoires Inclus, 1000 W",Bellissima,79.47,-,2C4ZpmNguwxttYqw7iBcWo,Experiment 2 Dry brush and Duo,79.47,from_page
331,115,1.0,competitor,BaByliss Sèche-cheveux Powerlight 2000 Design Léger D212E,Babyliss,19.99,-,5jwVY8nQSVhuS2fDsQH6ce,Experiment 1 Reverso 2 in one,19.99,from_page
332,126,1.0,competitor,"Bellissima Brosse Soufflante My Pro GH18 1100 - Brushing Professionnel avec Embouts en Céramique, Système Dry & Style 5 en 1 - 2 Combinaisons de Débit d'Air / Température, Position Air Froid Cool Fix",Bellissima,49.89,-,4xGRzeZrRGdmpZQrBQwlSz,Experiment 2 Dry brush and Duo,49.89,from_page
333,124,2.0,competitor,BaByliss Travel Sèche-cheveux,Babyliss,37.99,-,7q42Tte3hi5FSRR0SmxXXM,Experiment 1 Reverso 2 in one,75.98,from_page
334,131,1.0,competitor,"Remington Brosse Soufflante Ionique [4en1: lissage, boucles, ondulations, volume] Curl&Straight Confidence (1000W, Brosse ronde 40mm, Brosse plate, Boucleur 30mm, Concentrateur, Mallette) AS8606",Remington,119.1,-,0TsP4tPGYfekrh4zcpGaQW,Experiment 2 Dry brush and Duo,119.1,from_page
335,186,2.0,variation,"Rowenta, DRY & BRUSH DUO, Ultimate Experience.  Innovation: sèche cheveux et brosse soufflante combinés, coiffage rapide et facile, sèche et coiffe, résultat brushing naturel, cheveux brillants, technologie ionique.",Rowenta,89.0,-,2CGeyVEH6bi0rX8HIdPJkr,Experiment 2 Dry brush and Duo,178.0,from_page
336,128,1.0,competitor,"Babyliss AS952E - BaByliss Paris - Brosse soufflante rotative Big Hair Dual, Or, 1 Unité (Lot de 1)",Babyliss,34.99,-,5HF5jWTNQCecc0ZRXiv2TP,Experiment 2 Dry brush and Duo,34.99,from_page
337,114,1.0,competitor,"Babyliss Sèche-Cheveux Smooth Pro, Noir",Babyliss,29.99,-,4ozmMvdRaOf3Zh10OmFlW9,Experiment 1 Reverso 2 in one,29.99,from_page
338,118,1.0,competitor,Dyson Airwrap Volume + Shape Styler pour cheveux fins et plats,Dyson,749.0,-,4LiVy25lpHUCL3fHWrwr6N,Experiment 2 Dry brush and Duo,749.0,from_page
339,129,2.0,competitor,"Revlon Salon One-Step Sèche-cheveux volumisant, cheveux mi-longs à courts, RVDR5282UKE",Revlon,42.99,-,778H1F5zA2dpe4JFAuX9Uu,Experiment 2 Dry brush and Duo,85.98,from_page
340,123,1.0,competitor,Sèche-Cheveux Philips Série 3000 avec Fonction Ionique Avancée (modèle BHD351/10),Philips,19.99,-,5E50trKSOucsdybtqFPcF0,Experiment 1 Reverso 2 in one,19.99,from_page
341,139,1.0,variation,"Rowenta, REVERSO, Ultimate Experience.  Innovation: 2 en 1, sèche cheveux et brosse soufflante, coiffage rapide et facile, gain de place, résultat brushing naturel, cheveux brillants, technologie ionique.",Rowenta,89.0,-,2tfRA4w3MLWoYBwOIOH3Ju,Experiment 1 Reverso 2 in one,89.0,from_page
342,131,1.0,competitor,"Remington Brosse Soufflante Ionique [4en1: lissage, boucles, ondulations, volume] Curl&Straight Confidence (1000W, Brosse ronde 40mm, Brosse plate, Boucleur 30mm, Concentrateur, Mallette) AS8606",Remington,119.1,-,4cW7g4SMP85bMKekWIRoEB,Experiment 1 Reverso 2 in one,119.1,from_page
343,116,1.0,competitor,"Remington Sèche-cheveux Ionique [Puissant & Léger] Ionic Dry Violet (2200W, coiffage délicat en douceur & répartition uniforme de la chaleur, 3 températures / 2 vitesses, Air frais, diffuseur) D3190",Remington,28.4,-,7Byzqk5bbTWZ4EisoQXJER,Experiment 2 Dry brush and Duo,28.4,not_buyer
344,123,2.0,competitor,Sèche-Cheveux Philips Série 3000 avec Fonction Ionique Avancée (modèle BHD351/10),Philips,19.99,-,3U4yokzWRIFPpo2B5SfYpC,Experiment 1 Reverso 2 in one,39.98,from_page
345,127,1.0,competitor,"Rowenta Brosse rotative à air chaud, Poils naturels, Enduit de kératine de cachemire, Protège les cheveux, 2 accessoires inclus, Brush Activ Premium Care CF9540F0",Rowenta,69.9,-,24QQVAq9rwU9d4EdQgk8Ro,Experiment 2 Dry brush and Duo,69.9,from_page
346,131,1.0,competitor,"Remington Brosse Soufflante Ionique [4en1: lissage, boucles, ondulations, volume] Curl&Straight Confidence (1000W, Brosse ronde 40mm, Brosse plate, Boucleur 30mm, Concentrateur, Mallette) AS8606",Remington,119.1,-,4f6hey2yOpH0keRcagNakE,Experiment 1 Reverso 2 in one,119.1,from_page
347,126,2.0,competitor,"Bellissima Brosse Soufflante My Pro GH18 1100 - Brushing Professionnel avec Embouts en Céramique, Système Dry & Style 5 en 1 - 2 Combinaisons de Débit d'Air / Température, Position Air Froid Cool Fix",Bellissima,49.89,-,3j3FvOw8PdM7edkPXlltfu,Experiment 2 Dry brush and Duo,99.78,from_page
348,114,1.0,competitor,"Babyliss Sèche-Cheveux Smooth Pro, Noir",Babyliss,29.99,-,3bTHZk6wOTmTwijXpSqFmS,Experiment 2 Dry brush and Duo,29.99,from_page
349,114,1.0,competitor,"Babyliss Sèche-Cheveux Smooth Pro, Noir",Babyliss,29.99,-,0KqAJD4PikH7ZAyh7cKn2U,Experiment 1 Reverso 2 in one,29.99,not_buyer
350,114,2.0,competitor,"Babyliss Sèche-Cheveux Smooth Pro, Noir",Babyliss,29.99,-,2QfF9gIBXj1earpRU72z32,Experiment 1 Reverso 2 in one,59.98,not_buyer
351,119,1.0,competitor,BaByliss Sèche-Cheveux Turbo Smooth 2200 avec Technologie Ionique et Céramique,Babyliss,28.9,-,1YAuVTnPhA9MnNlDUALoim,Experiment 1 Reverso 2 in one,28.9,from_page
352,122,1.0,competitor,BaByliss Sèche-cheveux Speed Pro 2000 Moteur AC Fabriqué en Italie 6704WE,Babyliss,38.22,-,6lLzY3BswsZfGPuydsG1jS,Experiment 1 Reverso 2 in one,38.22,from_page
353,186,1.0,variation,"Rowenta, DRY & BRUSH DUO, Ultimate Experience.  Innovation: sèche cheveux et brosse soufflante combinés, coiffage rapide et facile, sèche et coiffe, résultat brushing naturel, cheveux brillants, technologie ionique.",Rowenta,89.0,-,5Qq5LfkZFSqGRY2VqCb8TR,Experiment 2 Dry brush and Duo,89.0,from_page
354,125,2.0,competitor,"Sèche-cheveux volumisant Salon Revlon (One-Step, technologie IONIQUE et CÉRAMIQUE, cheveux longs et mi-longs) RVDR5222",Revlon,38.45,-,4BZ9Z3iANRp8ICqfWBFikl,Experiment 2 Dry brush and Duo,76.9,from_page
355,124,1.0,competitor,BaByliss Travel Sèche-cheveux,Babyliss,37.99,-,4cNsHfKxwtTSaMogpsiEbi,Experiment 2 Dry brush and Duo,37.99,from_page
356,131,1.0,competitor,"Remington Brosse Soufflante Ionique [4en1: lissage, boucles, ondulations, volume] Curl&Straight Confidence (1000W, Brosse ronde 40mm, Brosse plate, Boucleur 30mm, Concentrateur, Mallette) AS8606",Remington,119.1,-,3r6y0meqghDaYhe0EG6QcR,Experiment 1 Reverso 2 in one,119.1,from_page
357,127,1.0,competitor,"Rowenta Brosse rotative à air chaud, Poils naturels, Enduit de kératine de cachemire, Protège les cheveux, 2 accessoires inclus, Brush Activ Premium Care CF9540F0",Rowenta,69.9,-,6x78ayNAM7I5UoE2yYDj5F,Experiment 2 Dry brush and Duo,69.9,from_page
358,114,1.0,competitor,"Babyliss Sèche-Cheveux Smooth Pro, Noir",Babyliss,29.99,-,1p5Vf7AXz6p7Mv08x72mN7,Experiment 2 Dry brush and Duo,29.99,not_buyer
359,122,2.0,competitor,BaByliss Sèche-cheveux Speed Pro 2000 Moteur AC Fabriqué en Italie 6704WE,Babyliss,38.22,-,646l400GSgq0DZSSKkPA3H,Experiment 2 Dry brush and Duo,76.44,from_page
360,120,1.0,competitor,"Remington Sèche-Cheveux 2300W Moteur AC, Léger, Puissant, Maniable - AC5999",Remington,41.38,-,7px7KTNdz7HYJftpXjpuoE,Experiment 1 Reverso 2 in one,41.38,from_page
361,114,1.0,competitor,"Babyliss Sèche-Cheveux Smooth Pro, Noir",Babyliss,29.99,-,6NhMB55kZb8YMLGwVyK0MG,Experiment 2 Dry brush and Duo,29.99,from_page
362,122,2.0,competitor,BaByliss Sèche-cheveux Speed Pro 2000 Moteur AC Fabriqué en Italie 6704WE,Babyliss,38.22,-,1Tpchlz7iVowKkzcB42sAO,Experiment 2 Dry brush and Duo,76.44,from_page
363,123,1.0,competitor,Sèche-Cheveux Philips Série 3000 avec Fonction Ionique Avancée (modèle BHD351/10),Philips,19.99,-,28mb8kcEqwemsQR48OWdUQ,Experiment 2 Dry brush and Duo,19.99,not_buyer
364,117,2.0,competitor,Dyson Supersonic Sèche-Cheveux édition spéciale Fuchsia avec Grand boîtier,Dyson,398.99,-,6mHRzfB37Yxu3itUUUUdOG,Experiment 2 Dry brush and Duo,797.98,from_page
365,117,2.0,competitor,Dyson Supersonic Sèche-Cheveux édition spéciale Fuchsia avec Grand boîtier,Dyson,398.99,-,6agCgguIagwhoj6YkKN9O2,Experiment 1 Reverso 2 in one,797.98,from_page
366,122,1.0,competitor,BaByliss Sèche-cheveux Speed Pro 2000 Moteur AC Fabriqué en Italie 6704WE,Babyliss,38.22,-,4jQDKBFi97Jpy2Poqc6ufE,Experiment 2 Dry brush and Duo,38.22,from_page
367,128,2.0,competitor,"Babyliss AS952E - BaByliss Paris - Brosse soufflante rotative Big Hair Dual, Or, 1 Unité (Lot de 1)",Babyliss,34.99,-,6q0b7FRg6XJJ3UofC6pHCE,Experiment 2 Dry brush and Duo,69.98,from_page
368,114,1.0,competitor,"Babyliss Sèche-Cheveux Smooth Pro, Noir",Babyliss,29.99,-,585w42kocgK941MLB1ewGx,Experiment 2 Dry brush and Duo,29.99,from_page
369,118,1.0,competitor,Dyson Airwrap Volume + Shape Styler pour cheveux fins et plats,Dyson,749.0,-,1VmT5ADVnTTYIY3ebyz60c,Experiment 2 Dry brush and Duo,749.0,not_buyer
370,131,1.0,competitor,"Remington Brosse Soufflante Ionique [4en1: lissage, boucles, ondulations, volume] Curl&Straight Confidence (1000W, Brosse ronde 40mm, Brosse plate, Boucleur 30mm, Concentrateur, Mallette) AS8606",Remington,119.1,-,2JMyN7KeNYGTGRLVr1DbIx,Experiment 2 Dry brush and Duo,119.1,from_page
371,118,1.0,competitor,Dyson Airwrap Volume + Shape Styler pour cheveux fins et plats,Dyson,749.0,-,5Lx6uM6FeipMXXrrOX9FNj,Experiment 2 Dry brush and Duo,749.0,from_page
372,115,2.0,competitor,BaByliss Sèche-cheveux Powerlight 2000 Design Léger D212E,Babyliss,19.99,-,19aGQ9b1qm3cDAHDweDUAF,Experiment 2 Dry brush and Duo,39.98,from_page
373,126,1.0,competitor,"Bellissima Brosse Soufflante My Pro GH18 1100 - Brushing Professionnel avec Embouts en Céramique, Système Dry & Style 5 en 1 - 2 Combinaisons de Débit d'Air / Température, Position Air Froid Cool Fix",Bellissima,49.89,-,5s8LbdM4wWedgKtZ7ux9Fd,Experiment 2 Dry brush and Duo,49.89,from_page
374,119,2.0,competitor,BaByliss Sèche-Cheveux Turbo Smooth 2200 avec Technologie Ionique et Céramique,Babyliss,28.9,-,5r2cKMbHHS7RmI9nZYpjLz,Experiment 1 Reverso 2 in one,57.8,from_page
375,114,1.0,competitor,"Babyliss Sèche-Cheveux Smooth Pro, Noir",Babyliss,29.99,-,61ZiFMwS8N3Aob0l3QhBZZ,Experiment 1 Reverso 2 in one,29.99,from_page
376,118,1.0,competitor,Dyson Airwrap Volume + Shape Styler pour cheveux fins et plats,Dyson,749.0,-,402yMxqm3qXCuRRipmfGly,Experiment 1 Reverso 2 in one,749.0,from_page
377,116,2.0,competitor,"Remington Sèche-cheveux Ionique [Puissant & Léger] Ionic Dry Violet (2200W, coiffage délicat en douceur & répartition uniforme de la chaleur, 3 températures / 2 vitesses, Air frais, diffuseur) D3190",Remington,28.4,-,3dYJVsDv3DFJHR6vLJyTl6,Experiment 1 Reverso 2 in one,56.8,from_page
378,139,1.0,variation,"Rowenta, REVERSO, Ultimate Experience.  Innovation: 2 en 1, sèche cheveux et brosse soufflante, coiffage rapide et facile, gain de place, résultat brushing naturel, cheveux brillants, technologie ionique.",Rowenta,89.0,-,653b8a89-ed66-ff52-1426-09ab52ce355d,Experiment 1 Reverso 2 in one,89.0,from_page
379,125,1.0,competitor,"Sèche-cheveux volumisant Salon Revlon (One-Step, technologie IONIQUE et CÉRAMIQUE, cheveux longs et mi-longs) RVDR5222",Revlon,38.45,-,5QnJ57euzM69u9lRyzoyi5,Experiment 1 Reverso 2 in one,38.45,from_page
380,131,1.0,competitor,"Remington Brosse Soufflante Ionique [4en1: lissage, boucles, ondulations, volume] Curl&Straight Confidence (1000W, Brosse ronde 40mm, Brosse plate, Boucleur 30mm, Concentrateur, Mallette) AS8606",Remington,119.1,-,5BTuLehgcm0X4PnGQ19XKv,Experiment 1 Reverso 2 in one,119.1,from_page
381,126,1.0,competitor,"Bellissima Brosse Soufflante My Pro GH18 1100 - Brushing Professionnel avec Embouts en Céramique, Système Dry & Style 5 en 1 - 2 Combinaisons de Débit d'Air / Température, Position Air Froid Cool Fix",Bellissima,49.89,-,653b945b-68be-4c2e-3459-64ca437d842f,Experiment 1 Reverso 2 in one,49.89,from_page
382,122,1.0,competitor,BaByliss Sèche-cheveux Speed Pro 2000 Moteur AC Fabriqué en Italie 6704WE,Babyliss,38.22,-,30xeDhmYRzRb2nfDzyFfsI,Experiment 1 Reverso 2 in one,38.22,from_page
383,124,1.0,competitor,BaByliss Travel Sèche-cheveux,Babyliss,37.99,-,1A9uzQrXPwUVeLfZZQhiCc,Experiment 2 Dry brush and Duo,37.99,from_page
384,117,1.0,competitor,Dyson Supersonic Sèche-Cheveux édition spéciale Fuchsia avec Grand boîtier,Dyson,398.99,-,089hqjcF8yC4hD9p2mBCBk,Experiment 2 Dry brush and Duo,398.99,from_page
385,118,1.0,competitor,Dyson Airwrap Volume + Shape Styler pour cheveux fins et plats,Dyson,749.0,-,21ACPYwKOg9JBJT1TwGXSQ,Experiment 1 Reverso 2 in one,749.0,from_page
