,project_id,visitor_id,experiment_id,uid,status,is_mobile,created_at,experiment_name,platform
0,8,5553,13.0,6538f327-4c9e-6808-9928-393b85a14351,complete,0,2023-10-25 10:51:25,Experiment 1 Reverso 2 in one,desktop
1,8,5562,13.0,6538f5c1-ba3f-8ec0-6f99-ccd4b9f799f2,complete,1,2023-10-25 11:02:36,Experiment 1 Reverso 2 in one,mobile
2,8,5564,13.0,6538f5d8-e95f-0920-01b7-fb481bcfe24b,complete,0,2023-10-25 11:02:50,Experiment 1 Reverso 2 in one,desktop
3,8,5569,13.0,6538f6d0-7b8e-5672-5dc8-49cf065f7a46,complete,1,2023-10-25 11:07:42,Experiment 1 Reverso 2 in one,mobile
4,8,5584,13.0,6538f802-fc51-d7c2-ef77-05f116504ca1,complete,1,2023-10-25 11:12:03,Experiment 1 Reverso 2 in one,mobile
5,8,5599,13.0,6538f830-156f-e4ca-70bb-d6c80368b8a7,complete,0,2023-10-25 11:13:41,Experiment 1 Reverso 2 in one,desktop
6,8,5648,13.0,6538f9f0-9463-4f75-3b71-f70a76facb46,complete,0,2023-10-25 11:20:28,Experiment 1 Reverso 2 in one,desktop
7,8,5677,13.0,6538fb72-2bd8-a0f2-5ba5-8c69dd17ada9,complete,1,2023-10-25 11:26:43,Experiment 1 Reverso 2 in one,mobile
8,8,5681,13.0,6538fb8e-9039-38bb-fff8-9ed389cd1e1a,complete,1,2023-10-25 11:27:10,Experiment 1 Reverso 2 in one,mobile
9,8,5702,13.0,6538fbef-bfc7-a482-3a02-e814ed2aeda7,complete,1,2023-10-25 11:28:47,Experiment 1 Reverso 2 in one,mobile
10,8,5706,13.0,6538fbd3-2142-4b23-76a4-057f1ee24ef0,complete,1,2023-10-25 11:29:12,Experiment 1 Reverso 2 in one,mobile
11,8,5712,13.0,6538fbec-41ad-12a5-9cee-d2ae8dfa48b9,complete,1,2023-10-25 11:29:37,Experiment 1 Reverso 2 in one,mobile
12,8,5713,13.0,6538fc1d-84c1-23bc-b64b-65d7160c6fa1,complete,1,2023-10-25 11:29:42,Experiment 1 Reverso 2 in one,mobile
13,8,5718,13.0,6538fc10-ac3a-d0de-d8b0-b94c1c220142,complete,1,2023-10-25 11:30:07,Experiment 1 Reverso 2 in one,mobile
14,8,5719,13.0,6538fc1a-4722-0cd6-2fae-b028c3e22732,complete,1,2023-10-25 11:30:15,Experiment 1 Reverso 2 in one,mobile
15,8,5729,13.0,6538fc80-0fe7-d77f-3738-ec669a7832c1,complete,1,2023-10-25 11:31:27,Experiment 1 Reverso 2 in one,mobile
16,8,5738,13.0,6538fcbd-bedd-830f-2c1b-673095fc4aca,complete,1,2023-10-25 11:33:06,Experiment 1 Reverso 2 in one,mobile
17,8,5765,13.0,6538ff11-7886-a4ba-c162-b118d6877f74,complete,1,2023-10-25 11:42:24,Experiment 1 Reverso 2 in one,mobile
18,8,5768,13.0,6538ff09-8b1b-12d9-ba73-b71db204029d,complete,1,2023-10-25 11:42:47,Experiment 1 Reverso 2 in one,mobile
19,8,5778,13.0,6538ff92-5d98-1d70-fc7b-1b570bd65736,complete,1,2023-10-25 11:44:24,Experiment 1 Reverso 2 in one,mobile
20,8,5783,13.0,6538ffad-d913-c3de-e4be-7914d99a1542,complete,1,2023-10-25 11:44:56,Experiment 1 Reverso 2 in one,mobile
21,8,5861,13.0,653901d7-f491-799e-4d29-fb92ed7061b2,complete,1,2023-10-25 11:54:07,Experiment 1 Reverso 2 in one,mobile
22,8,5872,13.0,65390208-15f9-5d00-e14b-78bb61ff49b1,complete,1,2023-10-25 11:55:33,Experiment 1 Reverso 2 in one,mobile
23,8,5877,13.0,6539027e-1b49-12c5-c7c5-9cddbb755480,complete,1,2023-10-25 11:57:33,Experiment 1 Reverso 2 in one,mobile
24,8,5880,13.0,65390292-e8cf-e05b-e11f-c6c8288abd27,complete,1,2023-10-25 11:57:52,Experiment 1 Reverso 2 in one,mobile
25,8,5897,13.0,65390349-86dc-9a52-1a36-79ca3dbb126d,complete,1,2023-10-25 12:00:19,Experiment 1 Reverso 2 in one,mobile
26,8,5919,13.0,6539044e-288a-0549-f8a8-afee8901697b,complete,1,2023-10-25 12:04:37,Experiment 1 Reverso 2 in one,mobile
27,8,5930,13.0,65390467-3281-ed9a-bc8b-72cc2c1e39af,complete,1,2023-10-25 12:05:48,Experiment 1 Reverso 2 in one,mobile
28,8,5936,13.0,653904ba-256a-e7f4-f153-5d421d8014d2,complete,1,2023-10-25 12:06:28,Experiment 1 Reverso 2 in one,mobile
29,8,5941,13.0,653904f8-f86d-f8f7-cf96-abccdd8160d1,complete,1,2023-10-25 12:07:22,Experiment 1 Reverso 2 in one,mobile
30,8,5947,13.0,65390551-bd50-a1c7-4a21-8c1c4a47cdd0,complete,1,2023-10-25 12:09:05,Experiment 1 Reverso 2 in one,mobile
31,8,5952,13.0,65390590-5c48-c7af-91e0-9e6dddbaa4a8,complete,1,2023-10-25 12:09:59,Experiment 1 Reverso 2 in one,mobile
32,8,5959,13.0,653905b0-fc77-30d2-1496-a449a1e16fb1,complete,1,2023-10-25 12:10:39,Experiment 1 Reverso 2 in one,mobile
33,8,5964,13.0,653905f2-d7fa-879f-2915-cd61f1c2e1f0,complete,1,2023-10-25 12:11:40,Experiment 1 Reverso 2 in one,mobile
34,8,5984,13.0,65390657-b669-e2a8-8843-0ff485e0e0f0,complete,1,2023-10-25 12:14:07,Experiment 1 Reverso 2 in one,mobile
35,8,5988,13.0,65390698-8d96-13dc-625a-1e1b84c2cfb5,complete,1,2023-10-25 12:15:11,Experiment 1 Reverso 2 in one,mobile
36,8,5994,13.0,6539070e-b3e8-2572-4e2c-ff59f5398f50,complete,0,2023-10-25 12:16:20,Experiment 1 Reverso 2 in one,desktop
37,8,6007,13.0,6539076d-e847-8286-0755-e494f0d00711,complete,1,2023-10-25 12:17:55,Experiment 1 Reverso 2 in one,mobile
38,8,6044,13.0,653908fe-a8b7-b40c-9c8e-99817b77909b,complete,1,2023-10-25 12:24:39,Experiment 1 Reverso 2 in one,mobile
39,8,6047,13.0,6539091c-c45e-76ae-509c-309c6ab9aa45,complete,1,2023-10-25 12:25:11,Experiment 1 Reverso 2 in one,mobile
40,8,6048,13.0,6539092a-ae6e-fd73-820b-ee3aef1025c9,complete,1,2023-10-25 12:25:14,Experiment 1 Reverso 2 in one,mobile
41,8,6062,13.0,653909af-36d8-6810-81d6-740a3ed49c4a,complete,1,2023-10-25 12:27:39,Experiment 1 Reverso 2 in one,mobile
42,8,6063,13.0,653909af-c1fa-bbb6-3c57-f1dee15369d3,complete,1,2023-10-25 12:27:42,Experiment 1 Reverso 2 in one,mobile
43,8,6064,13.0,653909c8-ac83-a730-5e4a-431c968f60da,complete,1,2023-10-25 12:28:09,Experiment 1 Reverso 2 in one,mobile
44,8,6091,13.0,65390ad6-0662-3bfa-bdcc-ab2fc041a84d,complete,1,2023-10-25 12:32:37,Experiment 1 Reverso 2 in one,mobile
45,8,6100,13.0,65390b42-1895-7ccf-8a43-bb01eb327ba4,complete,1,2023-10-25 12:34:21,Experiment 1 Reverso 2 in one,mobile
46,8,6104,13.0,65390b5a-5c16-c91e-7602-302f0df7ae77,complete,1,2023-10-25 12:34:41,Experiment 1 Reverso 2 in one,mobile
47,8,6114,13.0,65390bc4-75a6-241a-8b07-1608d4254875,complete,1,2023-10-25 12:36:45,Experiment 1 Reverso 2 in one,mobile
48,8,6122,13.0,65390c56-62aa-4739-b8f2-c988c74e0518,complete,1,2023-10-25 12:38:48,Experiment 1 Reverso 2 in one,mobile
49,8,6125,13.0,65390c7d-1b4e-7faa-0606-44622ab0d62b,complete,1,2023-10-25 12:39:35,Experiment 1 Reverso 2 in one,mobile
50,8,6150,13.0,65390d84-28fa-a37b-4e33-a041d3e65808,complete,1,2023-10-25 12:44:34,Experiment 1 Reverso 2 in one,mobile
51,8,6216,13.0,65391065-774f-305b-8995-63710638904d,complete,1,2023-10-25 12:56:57,Experiment 1 Reverso 2 in one,mobile
52,8,6255,13.0,65391292-bcf6-c243-b917-1538557c4559,complete,1,2023-10-25 13:05:39,Experiment 1 Reverso 2 in one,mobile
53,8,6260,13.0,653912ef-924e-4f96-e4b3-15864cfaf368,complete,1,2023-10-25 13:07:40,Experiment 1 Reverso 2 in one,mobile
54,8,6265,13.0,65391311-e64b-392b-3677-6f68d83f4225,complete,1,2023-10-25 13:08:21,Experiment 1 Reverso 2 in one,mobile
55,8,6279,13.0,653913f2-1ad4-6935-d9bd-2e0a2d57ad27,complete,1,2023-10-25 13:11:22,Experiment 1 Reverso 2 in one,mobile
56,8,6280,13.0,653913fa-6fd4-182c-a3db-45fcb6b7c06c,complete,1,2023-10-25 13:11:22,Experiment 1 Reverso 2 in one,mobile
57,8,6282,13.0,6539141b-afac-1fb7-aeff-c4d8584f39b8,complete,1,2023-10-25 13:12:05,Experiment 1 Reverso 2 in one,mobile
58,8,6289,13.0,65391495-e66c-b10f-9530-b26e66d9df17,complete,0,2023-10-25 13:14:24,Experiment 1 Reverso 2 in one,desktop
59,8,6342,13.0,653917b1-7158-6ad3-28a2-0ce3d5817d12,complete,1,2023-10-25 13:27:23,Experiment 1 Reverso 2 in one,mobile
60,8,6459,13.0,65391e35-8ff2-4b6c-2ccd-e2ef58a0af39,complete,1,2023-10-25 13:55:48,Experiment 1 Reverso 2 in one,mobile
61,8,6475,13.0,65391fbc-d667-657b-165b-f5b7d5a4f4c2,complete,0,2023-10-25 14:02:17,Experiment 1 Reverso 2 in one,desktop
62,8,6491,13.0,65392083-c1a6-3a37-2aef-fe652bbbb3b8,complete,1,2023-10-25 14:05:48,Experiment 1 Reverso 2 in one,mobile
63,8,6512,13.0,65392233-9526-4add-f1f4-31ca6ad95a9d,complete,1,2023-10-25 14:12:10,Experiment 1 Reverso 2 in one,mobile
64,8,6534,13.0,65392a49-8219-2f67-be8e-c9c7c4c18d05,complete,0,2023-10-25 14:46:43,Experiment 1 Reverso 2 in one,desktop
65,8,6541,13.0,65392df9-3830-4b2d-f97d-c9fbdbf3902c,complete,0,2023-10-25 15:02:44,Experiment 1 Reverso 2 in one,desktop
66,8,6548,13.0,65393027-9d28-151b-ed30-8227a38f57f3,complete,0,2023-10-25 15:11:49,Experiment 1 Reverso 2 in one,desktop
67,8,6602,13.0,65393c0a-9879-2522-5c7a-dfc94adda775,complete,1,2023-10-25 16:03:14,Experiment 1 Reverso 2 in one,mobile
68,8,6628,13.0,65393fa4-8543-8dff-602c-1a6bef47f34b,complete,1,2023-10-25 16:18:43,Experiment 1 Reverso 2 in one,mobile
69,8,6632,13.0,65393fe7-f913-a37c-d67a-eb8ecf3c9e9f,complete,1,2023-10-25 16:19:31,Experiment 1 Reverso 2 in one,mobile
70,8,6669,13.0,653944ae-bada-7adf-af89-8ffe2cefd9ce,complete,1,2023-10-25 16:39:22,Experiment 1 Reverso 2 in one,mobile
71,8,6681,13.0,65394821-164f-419b-5f35-2c2a2c5086f7,complete,1,2023-10-25 16:54:07,Experiment 1 Reverso 2 in one,mobile
72,8,6687,13.0,65394990-4416-cc43-50c0-fe103531a9c2,complete,0,2023-10-25 17:00:50,Experiment 1 Reverso 2 in one,desktop
73,8,6690,13.0,65394a15-1301-8e1d-6589-bd51d4cbe15f,complete,1,2023-10-25 17:02:24,Experiment 1 Reverso 2 in one,mobile
74,8,6730,13.0,65395584-fec2-1197-61bf-36df38e2aa10,complete,0,2023-10-25 17:52:11,Experiment 1 Reverso 2 in one,desktop
75,8,6734,13.0,65395713-e95d-0b1e-db10-561c39c9651a,complete,1,2023-10-25 17:57:53,Experiment 1 Reverso 2 in one,mobile
76,8,6756,13.0,65395d43-9227-2095-c46f-33cb5537fef5,complete,1,2023-10-25 18:25:07,Experiment 1 Reverso 2 in one,mobile
77,8,6799,13.0,6539609d-db57-ff5b-759f-cb12f05ab4cc,complete,1,2023-10-25 18:38:34,Experiment 1 Reverso 2 in one,mobile
78,8,6830,13.0,6539627a-3c39-4c71-2e73-1c975c89a058,complete,1,2023-10-25 18:47:12,Experiment 1 Reverso 2 in one,mobile
79,8,6843,13.0,653962c0-fa08-e205-4a1e-f9879f7bf523,complete,1,2023-10-25 18:48:21,Experiment 1 Reverso 2 in one,mobile
80,8,6882,13.0,65396396-b223-c32e-2cd1-35c8070a4511,complete,1,2023-10-25 18:51:17,Experiment 1 Reverso 2 in one,mobile
81,8,6899,13.0,653963cb-05dd-611b-7409-0d1a87351ff6,complete,1,2023-10-25 18:52:42,Experiment 1 Reverso 2 in one,mobile
82,8,6916,13.0,653964cf-ffcf-847d-5bf9-88d81493235e,complete,1,2023-10-25 18:56:35,Experiment 1 Reverso 2 in one,mobile
83,8,6925,13.0,6539652c-6fa9-c8da-8a01-fba65b990646,complete,1,2023-10-25 18:58:45,Experiment 1 Reverso 2 in one,mobile
84,8,6926,13.0,6539657c-eec8-c007-b7bd-d3566e965cdd,complete,1,2023-10-25 18:59:19,Experiment 1 Reverso 2 in one,mobile
85,8,6928,13.0,65396564-4135-9ccc-32c2-a3a8e38d8096,complete,1,2023-10-25 18:59:40,Experiment 1 Reverso 2 in one,mobile
86,8,6937,13.0,653965b1-feba-27f7-7da2-94b2103ac605,complete,1,2023-10-25 19:00:46,Experiment 1 Reverso 2 in one,mobile
87,8,6967,13.0,653967e3-32d9-4957-2408-2563dd8b1447,complete,1,2023-10-25 19:09:24,Experiment 1 Reverso 2 in one,mobile
88,8,6970,13.0,653967f2-6ea2-3afc-4c15-980163279dba,complete,1,2023-10-25 19:09:39,Experiment 1 Reverso 2 in one,mobile
89,8,6971,13.0,653967e2-f6da-b9e1-c125-aa3dcb4aba3a,complete,1,2023-10-25 19:09:40,Experiment 1 Reverso 2 in one,mobile
90,8,7008,13.0,6539695a-80a6-4c67-e4a9-d7420e082a20,complete,1,2023-10-25 19:15:46,Experiment 1 Reverso 2 in one,mobile
91,8,7017,13.0,6539696b-2b5e-3089-5787-47c8b996b7b6,complete,1,2023-10-25 19:16:48,Experiment 1 Reverso 2 in one,mobile
92,8,7020,13.0,65396985-7a9c-cfd7-fc29-543499c02911,complete,1,2023-10-25 19:17:17,Experiment 1 Reverso 2 in one,mobile
93,8,7067,13.0,65396c1d-140a-038e-f3e9-1ac155cec1a2,complete,1,2023-10-25 19:28:22,Experiment 1 Reverso 2 in one,mobile
94,8,7073,13.0,65396ced-6d07-d9b5-a469-7aa611d38515,complete,1,2023-10-25 19:31:01,Experiment 1 Reverso 2 in one,mobile
95,8,7097,13.0,65396f4e-bb73-0c83-e072-6f78c36454bd,complete,1,2023-10-25 19:41:10,Experiment 1 Reverso 2 in one,mobile
96,8,7108,13.0,65396ff1-f7ba-b97d-c601-4bb06ed01547,complete,0,2023-10-25 19:43:54,Experiment 1 Reverso 2 in one,desktop
97,8,7123,13.0,6539718b-8fba-1aac-3f3c-ac9b274082cb,complete,1,2023-10-25 19:51:31,Experiment 1 Reverso 2 in one,mobile
98,8,7125,13.0,653971cc-6ca9-d73e-558c-2400dec491e1,complete,1,2023-10-25 19:52:32,Experiment 1 Reverso 2 in one,mobile
99,8,7132,13.0,65397260-3336-9a8e-be2e-4ab574f77908,complete,1,2023-10-25 19:54:56,Experiment 1 Reverso 2 in one,mobile
100,8,7139,13.0,653973e8-a1c5-0154-8e64-222f847c95fb,complete,1,2023-10-25 20:01:07,Experiment 1 Reverso 2 in one,mobile
101,8,7142,13.0,65397448-df49-afb3-e276-93f58a6870d7,complete,1,2023-10-25 20:02:37,Experiment 1 Reverso 2 in one,mobile
102,8,7148,13.0,65397592-4079-a407-60a5-1aba3bdbcc09,complete,1,2023-10-25 20:07:55,Experiment 1 Reverso 2 in one,mobile
103,8,7156,13.0,6539766a-97e7-acb1-553e-1d61eef6317f,complete,1,2023-10-25 20:11:38,Experiment 1 Reverso 2 in one,mobile
104,8,7168,13.0,65397828-94dd-a1d5-94ca-22076f0d8b02,complete,1,2023-10-25 20:18:49,Experiment 1 Reverso 2 in one,mobile
105,8,7188,13.0,653979a2-1b9b-cc68-9a19-475c085b7263,complete,1,2023-10-25 20:26:42,Experiment 1 Reverso 2 in one,mobile
106,8,7236,13.0,653982be-ffc3-a9cd-dbfa-8778bea1dc2e,complete,1,2023-10-25 21:04:50,Experiment 1 Reverso 2 in one,mobile
107,8,7269,13.0,65398adc-30a7-ac7c-2c20-3c9f510c1b15,complete,1,2023-10-25 21:39:31,Experiment 1 Reverso 2 in one,mobile
108,8,7270,13.0,65398afd-9172-c2e2-cbb8-b50d0ff797f4,complete,1,2023-10-25 21:39:56,Experiment 1 Reverso 2 in one,mobile
109,8,7274,13.0,65398ba7-9660-d87b-f57a-5f8270d9fccd,complete,1,2023-10-25 21:42:14,Experiment 1 Reverso 2 in one,mobile
110,8,7298,13.0,65398eef-700b-22bb-3c9e-33bb756b489c,complete,0,2023-10-25 21:56:03,Experiment 1 Reverso 2 in one,desktop
111,8,7311,13.0,653990b9-a319-583c-12c1-b7ed36dfb377,complete,1,2023-10-25 22:03:54,Experiment 1 Reverso 2 in one,mobile
112,8,7312,13.0,65399123-5791-5ddb-d035-0b36a504a4ec,complete,1,2023-10-25 22:05:39,Experiment 1 Reverso 2 in one,mobile
113,8,7335,13.0,65399451-6588-72b1-7813-908590ec6827,complete,1,2023-10-25 22:19:07,Experiment 1 Reverso 2 in one,mobile
114,8,7340,13.0,65399526-5a61-0076-687c-20698b23609e,complete,1,2023-10-25 22:22:32,Experiment 1 Reverso 2 in one,mobile
115,8,7372,13.0,65399d94-2cd3-1b5b-5e83-c7b2c35a9482,complete,1,2023-10-25 22:59:13,Experiment 1 Reverso 2 in one,mobile
116,8,7377,13.0,65399fe2-b08b-c709-c1bb-edc8f00ae251,complete,1,2023-10-25 23:08:19,Experiment 1 Reverso 2 in one,mobile
117,8,7416,13.0,6539b915-a4db-aa8f-c856-853205c49125,complete,1,2023-10-26 00:56:36,Experiment 1 Reverso 2 in one,mobile
118,8,7428,13.0,6539c820-bb94-0c97-badd-dcddfbb970f3,complete,1,2023-10-26 02:00:59,Experiment 1 Reverso 2 in one,mobile
119,8,7470,13.0,6539eded-9f82-2bf5-1168-5ca36aa483ed,complete,1,2023-10-26 04:42:05,Experiment 1 Reverso 2 in one,mobile
120,8,7509,13.0,653a098c-c2e5-a7f6-7902-767b1d0dfab1,complete,1,2023-10-26 06:40:00,Experiment 1 Reverso 2 in one,mobile
121,8,7519,13.0,653a0b5a-73ff-edb9-24d7-f90bca85c1f3,complete,1,2023-10-26 06:46:56,Experiment 1 Reverso 2 in one,mobile
122,8,7530,13.0,653a0d7e-8613-e31f-bb05-ed0e714f3fd2,complete,0,2023-10-26 06:56:13,Experiment 1 Reverso 2 in one,desktop
123,8,7560,13.0,653a1270-835c-000f-52a4-376c52a3185f,complete,0,2023-10-26 07:17:12,Experiment 1 Reverso 2 in one,desktop
124,8,7571,13.0,653a1475-1a57-e798-e575-292d49934ae3,complete,1,2023-10-26 07:25:54,Experiment 1 Reverso 2 in one,mobile
125,8,7589,13.0,653a1839-3bd9-d1e1-526f-5e779451eae8,complete,1,2023-10-26 07:41:56,Experiment 1 Reverso 2 in one,mobile
126,8,7616,13.0,653a1e98-ffe3-77b7-64c1-d87c1785732e,complete,0,2023-10-26 08:08:57,Experiment 1 Reverso 2 in one,desktop
127,8,7664,13.0,0Idet5Z6Znzg2hk1KcSywj,complete,1,2023-10-26 08:31:04,Experiment 1 Reverso 2 in one,mobile
128,8,7676,13.0,7p1r1luo3UU1aLEdK8sHvy,complete,1,2023-10-26 08:33:07,Experiment 1 Reverso 2 in one,mobile
129,8,7692,13.0,60gS4pDud94qt9PQQG0bFu,complete,1,2023-10-26 08:36:33,Experiment 1 Reverso 2 in one,mobile
130,8,7712,13.0,5q9wKgn6r9S6sucYHxiubQ,complete,1,2023-10-26 08:42:20,Experiment 1 Reverso 2 in one,mobile
131,8,7731,13.0,58RflTQTENmRofVd2dmcmO,complete,1,2023-10-26 08:43:12,Experiment 1 Reverso 2 in one,mobile
132,8,7742,13.0,04XjQTPYEc4oBj9flyfmRh,complete,1,2023-10-26 08:44:15,Experiment 1 Reverso 2 in one,mobile
133,8,7751,13.0,013fkWOu1WRxkLihJBVzHN,complete,1,2023-10-26 08:45:46,Experiment 1 Reverso 2 in one,mobile
134,8,7783,13.0,1ZLtEtQdKMtTjGePYeSAgn,complete,1,2023-10-26 08:49:08,Experiment 1 Reverso 2 in one,mobile
135,8,7809,13.0,2LpkskdrDe5fhxOZntwjMP,complete,1,2023-10-26 08:49:54,Experiment 1 Reverso 2 in one,mobile
136,8,7839,13.0,3LEby4S1YCGLyAEIcCEUP9,complete,1,2023-10-26 08:52:13,Experiment 1 Reverso 2 in one,mobile
137,8,7894,13.0,653a297e-7f4b-3b55-d623-9e3fa0e5802d,complete,1,2023-10-26 08:55:39,Experiment 1 Reverso 2 in one,mobile
138,8,7907,13.0,0dWYZMxeqXrJyVplBF7mgk,complete,1,2023-10-26 08:56:39,Experiment 1 Reverso 2 in one,mobile
139,8,7910,13.0,79DY9pdtOcyoS6hAPw4JrH,complete,1,2023-10-26 08:56:44,Experiment 1 Reverso 2 in one,mobile
140,8,7922,13.0,5xMduCgrr9OjTpJ3VG1TwK,complete,1,2023-10-26 08:57:35,Experiment 1 Reverso 2 in one,mobile
141,8,7938,13.0,4l3gkmt26SA8YW2ZhepQMj,complete,1,2023-10-26 09:00:53,Experiment 1 Reverso 2 in one,mobile
142,8,7950,13.0,5EtrWDhwhftCTyID32N2dV,complete,1,2023-10-26 09:01:41,Experiment 1 Reverso 2 in one,mobile
143,8,7957,13.0,3UYXAUNiQDq8xQnTYZjxg6,complete,1,2023-10-26 09:01:51,Experiment 1 Reverso 2 in one,mobile
144,8,7962,13.0,28dcSVmaZu8nlCUHdY19Tx,complete,1,2023-10-26 09:02:08,Experiment 1 Reverso 2 in one,mobile
145,8,7992,13.0,653a2b7d-e223-33d2-3e82-109beee854b2,complete,0,2023-10-26 09:05:49,Experiment 1 Reverso 2 in one,desktop
146,8,8001,13.0,7sh41SaSYD8mmv1I6PbGci,complete,1,2023-10-26 09:06:51,Experiment 1 Reverso 2 in one,mobile
147,8,8010,13.0,7jCRJzxLr93D70K1GNlzqT,complete,1,2023-10-26 09:07:41,Experiment 1 Reverso 2 in one,mobile
148,8,8024,13.0,1WVuKF5of91aUhfHNfLQ6e,complete,1,2023-10-26 09:08:56,Experiment 1 Reverso 2 in one,mobile
149,8,8106,13.0,60ZFK5xS4IORuaBsWf3Kyc,complete,1,2023-10-26 09:16:14,Experiment 1 Reverso 2 in one,mobile
150,8,8119,13.0,0xrvQ9FjY0Q8W2h9VqEH1l,complete,1,2023-10-26 09:17:57,Experiment 1 Reverso 2 in one,mobile
151,8,8140,13.0,07L3Vbv86gSBhg6SrvrNXu,complete,1,2023-10-26 09:19:00,Experiment 1 Reverso 2 in one,mobile
152,8,8148,13.0,4UYJO8SxHkrfQLjpoO5xgJ,complete,1,2023-10-26 09:19:42,Experiment 1 Reverso 2 in one,mobile
153,8,8181,13.0,53nGCJE0TU7Ym6ueKOFCnT,complete,1,2023-10-26 09:21:30,Experiment 1 Reverso 2 in one,mobile
154,8,8206,13.0,6JSwFh1Imc7pB2LgM5Su4c,complete,1,2023-10-26 09:23:13,Experiment 1 Reverso 2 in one,mobile
155,8,8232,13.0,3b3Dr9iMDXqbEQKQWJafHK,complete,0,2023-10-26 09:46:38,Experiment 1 Reverso 2 in one,desktop
156,8,8238,13.0,5ZTCqolsTcttBpFAqer52N,complete,0,2023-10-26 09:48:45,Experiment 1 Reverso 2 in one,desktop
157,8,8242,13.0,01zE3KaRpomhjLUEycp0Cj,complete,0,2023-10-26 09:51:58,Experiment 1 Reverso 2 in one,desktop
158,8,8253,13.0,11dKOg1m2lkol1nyTIMCoL,complete,0,2023-10-26 09:57:50,Experiment 1 Reverso 2 in one,desktop
159,8,8259,13.0,4OPvoaU2TJPoBtHn7SIyTa,complete,0,2023-10-26 10:04:36,Experiment 1 Reverso 2 in one,desktop
160,8,8268,13.0,0RVlrRCsi7cp6z5fyS4vff,complete,0,2023-10-26 10:12:48,Experiment 1 Reverso 2 in one,desktop
161,8,8271,13.0,5NNGCP2QXpGVDLE92VgRjF,complete,0,2023-10-26 10:17:01,Experiment 1 Reverso 2 in one,desktop
162,8,8294,13.0,5R5TlEfcxO4wGIcFDB6Jdg,complete,0,2023-10-26 10:30:45,Experiment 1 Reverso 2 in one,desktop
163,8,8298,13.0,6TWZxdbdmYdo8l1rcmB0MK,complete,0,2023-10-26 10:33:27,Experiment 1 Reverso 2 in one,desktop
164,8,8301,13.0,6d6mTXAqwLZq1ha3tQzmsU,complete,0,2023-10-26 10:35:32,Experiment 1 Reverso 2 in one,desktop
165,8,8311,13.0,4xB0iPCj4MzmHeyfEgzSxx,complete,0,2023-10-26 10:41:12,Experiment 1 Reverso 2 in one,desktop
166,8,8335,13.0,5mHwOJAQWXMYtVDMf0R2EZ,complete,1,2023-10-26 11:09:57,Experiment 1 Reverso 2 in one,mobile
167,8,8343,13.0,3HUybjMxwqL6IhWlwe8NI3,complete,0,2023-10-26 11:12:48,Experiment 1 Reverso 2 in one,desktop
168,8,8347,13.0,5PQu1LYuWH8dXU2zHcSPNu,complete,0,2023-10-26 11:13:55,Experiment 1 Reverso 2 in one,desktop
169,8,8351,13.0,1eOLitDdl4n5rkB5VhvNWZ,complete,0,2023-10-26 11:15:13,Experiment 1 Reverso 2 in one,desktop
170,8,8353,13.0,0gy2Y99Bfwpj8C7wclFkJs,complete,0,2023-10-26 11:16:21,Experiment 1 Reverso 2 in one,desktop
171,8,8356,13.0,3JDHfjlMww9T69UHiJQ3sS,complete,0,2023-10-26 11:17:05,Experiment 1 Reverso 2 in one,desktop
172,8,8361,13.0,0zRqG3PYR4699V67rpNn9z,complete,0,2023-10-26 11:18:23,Experiment 1 Reverso 2 in one,desktop
173,8,8368,13.0,19UlljHtJjkBSsyM2TtSEN,complete,0,2023-10-26 11:22:41,Experiment 1 Reverso 2 in one,desktop
174,8,8369,13.0,0Owz85KTfjnGPylxIdNGAk,complete,0,2023-10-26 11:22:44,Experiment 1 Reverso 2 in one,desktop
175,8,8384,13.0,20xD9fXPUqESaIQTKqW3or,complete,0,2023-10-26 11:30:05,Experiment 1 Reverso 2 in one,desktop
176,8,8387,13.0,2kcyJfB68YHoCQErtVRG3a,complete,0,2023-10-26 11:30:38,Experiment 1 Reverso 2 in one,desktop
177,8,8392,13.0,1btA9pv8qQvZvI8wgYdtAo,complete,0,2023-10-26 11:31:43,Experiment 1 Reverso 2 in one,desktop
178,8,8402,13.0,67S3ZpMbFnHXomr1UQDcLc,complete,0,2023-10-26 11:36:59,Experiment 1 Reverso 2 in one,desktop
179,8,8431,13.0,64bHkDExM8hDKjl2B99tiw,complete,0,2023-10-26 11:50:09,Experiment 1 Reverso 2 in one,desktop
180,8,8456,13.0,3XAMEnTewBIjaQJ0XxGPZ3,complete,0,2023-10-26 11:58:37,Experiment 1 Reverso 2 in one,desktop
181,8,8458,13.0,4dNDG9cE58fBfJfAsrfrlQ,complete,0,2023-10-26 11:58:42,Experiment 1 Reverso 2 in one,desktop
182,8,8466,13.0,0jfrbJv1YKvVjcTawpP7HP,complete,0,2023-10-26 12:01:28,Experiment 1 Reverso 2 in one,desktop
183,8,8468,13.0,43R87DkO2hykCpICNZjAWJ,complete,0,2023-10-26 12:01:56,Experiment 1 Reverso 2 in one,desktop
184,8,8480,13.0,7of3afxhfsFf0xCJF5nM0u,complete,0,2023-10-26 12:10:01,Experiment 1 Reverso 2 in one,desktop
185,8,8483,13.0,4LvcEtqUou0u7nXRxZKoPB,complete,0,2023-10-26 12:11:24,Experiment 1 Reverso 2 in one,desktop
186,8,8489,13.0,2UwRodSYjc8sWvlwPvfRzQ,complete,0,2023-10-26 12:12:28,Experiment 1 Reverso 2 in one,desktop
187,8,8496,13.0,39YJshSh7Nz07ZXTDLIy1a,complete,0,2023-10-26 12:15:12,Experiment 1 Reverso 2 in one,desktop
188,8,8502,13.0,5hrelm5wwQVE3zXOvojbmP,complete,0,2023-10-26 12:16:28,Experiment 1 Reverso 2 in one,desktop
189,8,8534,13.0,6deHO2a4ZoZoRhZwq5GBhr,complete,0,2023-10-26 12:29:35,Experiment 1 Reverso 2 in one,desktop
190,8,8538,13.0,0qvuJfks2j77taxxeekH77,complete,0,2023-10-26 12:33:57,Experiment 1 Reverso 2 in one,desktop
191,8,8549,13.0,685SzJ2DYsB4vQt2XB6PV2,complete,1,2023-10-26 12:43:43,Experiment 1 Reverso 2 in one,mobile
192,8,8577,13.0,4R55ATJez2x9QX4CFQQgwc,complete,0,2023-10-26 12:53:58,Experiment 1 Reverso 2 in one,desktop
193,8,8582,13.0,2GOViDR2Aw3YMav8tZ3XBY,complete,0,2023-10-26 12:58:17,Experiment 1 Reverso 2 in one,desktop
194,8,8587,13.0,6kZIdCLo3c7S3JWo91lU1s,complete,0,2023-10-26 13:03:17,Experiment 1 Reverso 2 in one,desktop
195,8,8593,13.0,7z6TKKW90jk2duZyL02eW2,complete,0,2023-10-26 13:09:14,Experiment 1 Reverso 2 in one,desktop
196,8,8594,13.0,7MBt565QRH473cXMX0Iszn,complete,0,2023-10-26 13:09:18,Experiment 1 Reverso 2 in one,desktop
197,8,8606,13.0,7LvEJVYAxpjakXwGeHjx8F,complete,0,2023-10-26 13:14:59,Experiment 1 Reverso 2 in one,desktop
198,8,8615,13.0,72zC2WRXadoKNWbLidzdY0,complete,0,2023-10-26 13:20:54,Experiment 1 Reverso 2 in one,desktop
199,8,8622,13.0,5sbKOKujfs7OvSZPTI0P3N,complete,0,2023-10-26 13:26:07,Experiment 1 Reverso 2 in one,desktop
200,8,8625,13.0,61EPhBY6SpaaHo2ALWTHdV,complete,0,2023-10-26 13:28:58,Experiment 1 Reverso 2 in one,desktop
201,8,8645,13.0,24YGmdxzT3BCqAEzMMOdjW,complete,0,2023-10-26 13:39:07,Experiment 1 Reverso 2 in one,desktop
202,8,8670,13.0,4LK583CphgDIlaOXDjI5Bc,complete,0,2023-10-26 13:53:43,Experiment 1 Reverso 2 in one,desktop
203,8,8700,13.0,3iSHkkJuqnCxcCI6LrDHbL,complete,0,2023-10-26 14:15:09,Experiment 1 Reverso 2 in one,desktop
204,8,8729,13.0,4lSzhu1TAL2vYqEqglZiNg,complete,0,2023-10-26 14:50:10,Experiment 1 Reverso 2 in one,desktop
205,8,8750,13.0,26vumgkfqVuIDBDhSwp9jP,complete,0,2023-10-26 15:00:10,Experiment 1 Reverso 2 in one,desktop
206,8,8754,13.0,0q9y6XyYR3oXem8xvC03m6,complete,0,2023-10-26 15:03:31,Experiment 1 Reverso 2 in one,desktop
207,8,8769,13.0,0HGtCmmym5CFz9ijQ1MrsO,complete,0,2023-10-26 15:19:08,Experiment 1 Reverso 2 in one,desktop
208,8,8772,13.0,6LmbguJPfvFBvoPBeUpbRf,complete,0,2023-10-26 15:20:30,Experiment 1 Reverso 2 in one,desktop
209,8,8780,13.0,2zzXSDcasTZRbokGeIwasw,complete,0,2023-10-26 15:30:30,Experiment 1 Reverso 2 in one,desktop
210,8,8785,13.0,5jwVY8nQSVhuS2fDsQH6ce,complete,0,2023-10-26 15:33:49,Experiment 1 Reverso 2 in one,desktop
211,8,8800,13.0,7q42Tte3hi5FSRR0SmxXXM,complete,0,2023-10-26 15:43:17,Experiment 1 Reverso 2 in one,desktop
212,8,8816,13.0,1S6SLvL6OkJoWfBiwbYx2b,complete,0,2023-10-26 16:01:46,Experiment 1 Reverso 2 in one,desktop
213,8,8846,13.0,4ozmMvdRaOf3Zh10OmFlW9,complete,0,2023-10-26 16:34:18,Experiment 1 Reverso 2 in one,desktop
214,8,8887,13.0,2tfRA4w3MLWoYBwOIOH3Ju,complete,0,2023-10-26 17:14:51,Experiment 1 Reverso 2 in one,desktop
215,8,8889,13.0,5E50trKSOucsdybtqFPcF0,complete,0,2023-10-26 17:18:15,Experiment 1 Reverso 2 in one,desktop
216,8,8894,13.0,4cW7g4SMP85bMKekWIRoEB,complete,0,2023-10-26 17:21:13,Experiment 1 Reverso 2 in one,desktop
217,8,8904,13.0,3U4yokzWRIFPpo2B5SfYpC,complete,0,2023-10-26 17:38:48,Experiment 1 Reverso 2 in one,desktop
218,8,8927,13.0,4f6hey2yOpH0keRcagNakE,complete,0,2023-10-26 18:06:13,Experiment 1 Reverso 2 in one,desktop
219,8,8978,13.0,0KqAJD4PikH7ZAyh7cKn2U,complete,0,2023-10-26 19:06:13,Experiment 1 Reverso 2 in one,desktop
220,8,8980,13.0,2QfF9gIBXj1earpRU72z32,complete,0,2023-10-26 19:09:37,Experiment 1 Reverso 2 in one,desktop
221,8,9042,13.0,1YAuVTnPhA9MnNlDUALoim,complete,1,2023-10-26 21:39:14,Experiment 1 Reverso 2 in one,mobile
222,8,9048,13.0,6lLzY3BswsZfGPuydsG1jS,complete,0,2023-10-26 22:22:52,Experiment 1 Reverso 2 in one,desktop
223,8,9093,13.0,3r6y0meqghDaYhe0EG6QcR,complete,0,2023-10-27 06:07:01,Experiment 1 Reverso 2 in one,desktop
224,8,9124,13.0,7px7KTNdz7HYJftpXjpuoE,complete,0,2023-10-27 07:10:49,Experiment 1 Reverso 2 in one,desktop
225,8,9134,13.0,6i50TDqSqD1OBBCLrLXaH1,complete,0,2023-10-27 07:29:33,Experiment 1 Reverso 2 in one,desktop
226,8,9159,13.0,6agCgguIagwhoj6YkKN9O2,complete,0,2023-10-27 08:02:27,Experiment 1 Reverso 2 in one,desktop
227,8,9182,13.0,4xjTY9cd83ZFie8JfImAan,complete,0,2023-10-27 08:39:19,Experiment 1 Reverso 2 in one,desktop
228,8,9220,13.0,5r2cKMbHHS7RmI9nZYpjLz,complete,0,2023-10-27 09:25:07,Experiment 1 Reverso 2 in one,desktop
229,8,9244,13.0,402yMxqm3qXCuRRipmfGly,complete,0,2023-10-27 09:42:08,Experiment 1 Reverso 2 in one,desktop
230,8,9247,13.0,61ZiFMwS8N3Aob0l3QhBZZ,complete,0,2023-10-27 09:43:33,Experiment 1 Reverso 2 in one,desktop
231,8,9266,13.0,3dYJVsDv3DFJHR6vLJyTl6,complete,0,2023-10-27 10:00:29,Experiment 1 Reverso 2 in one,desktop
232,8,9270,13.0,653b8a89-ed66-ff52-1426-09ab52ce355d,complete,1,2023-10-27 10:02:39,Experiment 1 Reverso 2 in one,mobile
233,8,9287,13.0,5QnJ57euzM69u9lRyzoyi5,complete,0,2023-10-27 10:16:46,Experiment 1 Reverso 2 in one,desktop
234,8,9305,13.0,5BTuLehgcm0X4PnGQ19XKv,complete,0,2023-10-27 10:36:29,Experiment 1 Reverso 2 in one,desktop
235,8,9315,13.0,653b945b-68be-4c2e-3459-64ca437d842f,complete,1,2023-10-27 10:43:49,Experiment 1 Reverso 2 in one,mobile
236,8,9326,13.0,30xeDhmYRzRb2nfDzyFfsI,complete,0,2023-10-27 10:58:55,Experiment 1 Reverso 2 in one,desktop
237,8,9334,13.0,1zWBRn45v4mZ1pdt7OFX4C,complete,0,2023-10-27 11:08:41,Experiment 1 Reverso 2 in one,desktop
238,8,9347,13.0,21ACPYwKOg9JBJT1TwGXSQ,complete,0,2023-10-27 11:20:30,Experiment 1 Reverso 2 in one,desktop
239,8,5559,12.0,6538f573-a5f9-ff1a-7c97-ec78dfbf7368,complete,1,2023-10-25 11:02:10,Experiment 2 Dry brush and Duo,mobile
240,8,5567,12.0,6538f678-a8f0-1918-e002-82da0ef13aa1,complete,0,2023-10-25 11:05:52,Experiment 2 Dry brush and Duo,desktop
241,8,5577,12.0,6538f77f-8c0b-42ac-cf14-35da35148724,complete,1,2023-10-25 11:09:58,Experiment 2 Dry brush and Duo,mobile
242,8,5633,12.0,6538f949-be99-6c7b-ac52-09740785e9d0,complete,1,2023-10-25 11:18:22,Experiment 2 Dry brush and Duo,mobile
243,8,5637,12.0,6538f9a0-4401-85aa-b465-e75b3e20290f,complete,1,2023-10-25 11:18:57,Experiment 2 Dry brush and Duo,mobile
244,8,5641,12.0,6538f99f-82f8-51c9-1cc3-8f8a54d4ff97,complete,1,2023-10-25 11:19:51,Experiment 2 Dry brush and Duo,mobile
245,8,5642,12.0,6538f9c9-c710-57d3-534c-50179ace45c4,complete,0,2023-10-25 11:19:52,Experiment 2 Dry brush and Duo,desktop
246,8,5670,12.0,6538fb43-b3ec-7d9f-6261-0cc1fa979372,complete,1,2023-10-25 11:26:01,Experiment 2 Dry brush and Duo,mobile
247,8,5671,12.0,6538fb4e-6d3d-6372-f109-cb2535fd6486,complete,1,2023-10-25 11:26:07,Experiment 2 Dry brush and Duo,mobile
248,8,5714,12.0,6538fc22-c7cc-ae6a-5db1-2a921d7d03b0,complete,1,2023-10-25 11:29:44,Experiment 2 Dry brush and Duo,mobile
249,8,5760,12.0,6538fec4-c3c6-a887-ef3a-fe964e9aa378,complete,1,2023-10-25 11:41:38,Experiment 2 Dry brush and Duo,mobile
250,8,5772,12.0,6538ff1f-8d5e-4fae-dbcb-2b3781661abf,complete,0,2023-10-25 11:43:27,Experiment 2 Dry brush and Duo,desktop
251,8,5777,12.0,6538ff97-4615-3972-e64a-aff5214b4046,complete,1,2023-10-25 11:44:23,Experiment 2 Dry brush and Duo,mobile
252,8,5781,12.0,6538ffa6-e635-b3f4-b3b8-98e744eec346,complete,1,2023-10-25 11:44:45,Experiment 2 Dry brush and Duo,mobile
253,8,5788,12.0,6538ffc8-301e-277b-d5aa-dacd2958c5ab,complete,1,2023-10-25 11:45:19,Experiment 2 Dry brush and Duo,mobile
254,8,5798,12.0,65390011-b85e-dbad-f91f-65e79255cafa,complete,0,2023-10-25 11:46:40,Experiment 2 Dry brush and Duo,desktop
255,8,5800,12.0,6539002c-9358-d2e2-af88-e87989f95c6a,complete,0,2023-10-25 11:47:01,Experiment 2 Dry brush and Duo,desktop
256,8,5805,12.0,6539004f-0234-c543-8a28-d07fb9c94082,complete,1,2023-10-25 11:47:28,Experiment 2 Dry brush and Duo,mobile
257,8,5810,12.0,65390033-d187-fedd-176e-5e55de4910a4,complete,1,2023-10-25 11:47:54,Experiment 2 Dry brush and Duo,mobile
258,8,5847,12.0,65390119-8539-edc8-5ca9-293c42af52f8,complete,1,2023-10-25 11:51:36,Experiment 2 Dry brush and Duo,mobile
259,8,5856,12.0,6539016a-900c-ae8b-6ea5-4ea5b22ebb11,complete,1,2023-10-25 11:52:53,Experiment 2 Dry brush and Duo,mobile
260,8,5858,12.0,65390197-7833-3f34-e796-9582ff9dce9a,complete,1,2023-10-25 11:53:40,Experiment 2 Dry brush and Duo,mobile
261,8,5862,12.0,653901e5-4366-a8c1-e378-906de454e149,complete,1,2023-10-25 11:54:24,Experiment 2 Dry brush and Duo,mobile
262,8,5884,12.0,653902df-6b9c-dde9-c71b-90f0a5cde0e1,complete,1,2023-10-25 11:58:25,Experiment 2 Dry brush and Duo,mobile
263,8,5887,12.0,653902f5-cb42-2806-1caf-be876a420e02,complete,0,2023-10-25 11:58:55,Experiment 2 Dry brush and Duo,desktop
264,8,5905,12.0,653903a9-f64c-0fb1-9b7a-f64e385c4b6f,complete,1,2023-10-25 12:02:02,Experiment 2 Dry brush and Duo,mobile
265,8,5912,12.0,65390400-7ed2-cd1a-35ae-3046886a06bf,complete,1,2023-10-25 12:03:20,Experiment 2 Dry brush and Duo,mobile
266,8,5951,12.0,65390577-1899-7d33-aa91-e583bf668cf7,complete,1,2023-10-25 12:09:34,Experiment 2 Dry brush and Duo,mobile
267,8,5969,12.0,65390604-1f04-26b8-10e2-18247aa4c7fa,complete,1,2023-10-25 12:12:11,Experiment 2 Dry brush and Duo,mobile
268,8,5974,12.0,6539064c-57a8-cedc-abd2-cbc371080cfa,complete,1,2023-10-25 12:13:07,Experiment 2 Dry brush and Duo,mobile
269,8,5992,12.0,653906ac-fa64-f04d-a5c0-d93aa94475dc,complete,1,2023-10-25 12:15:30,Experiment 2 Dry brush and Duo,mobile
270,8,6002,12.0,6539073f-6e86-7c1d-8873-84a7a82dcaff,complete,1,2023-10-25 12:17:03,Experiment 2 Dry brush and Duo,mobile
271,8,6008,12.0,65390751-5e2e-fa15-878e-e8047c33fa4f,complete,1,2023-10-25 12:18:08,Experiment 2 Dry brush and Duo,mobile
272,8,6024,12.0,653907d5-235d-875d-cb0d-289ab2a0f10f,complete,1,2023-10-25 12:20:25,Experiment 2 Dry brush and Duo,mobile
273,8,6026,12.0,653907f1-af10-92c8-cf5f-3817f45d7a77,complete,1,2023-10-25 12:20:36,Experiment 2 Dry brush and Duo,mobile
274,8,6052,12.0,65390924-1208-f8ac-bbc7-4dab9a6bef41,complete,1,2023-10-25 12:25:53,Experiment 2 Dry brush and Duo,mobile
275,8,6058,12.0,65390991-6232-ab64-cb58-f268777c47ed,complete,1,2023-10-25 12:27:03,Experiment 2 Dry brush and Duo,mobile
276,8,6088,12.0,65390a9e-fc76-0cfd-dae6-fa62ac872dbb,complete,1,2023-10-25 12:32:11,Experiment 2 Dry brush and Duo,mobile
277,8,6099,12.0,65390b3d-8018-2597-f588-02a2caa94ab9,complete,1,2023-10-25 12:34:19,Experiment 2 Dry brush and Duo,mobile
278,8,6129,12.0,65390cb4-2d6b-d418-5611-3e8e4e86e66e,complete,1,2023-10-25 12:40:44,Experiment 2 Dry brush and Duo,mobile
279,8,6183,12.0,65390f42-ea48-f282-103c-e6ae167637b4,complete,1,2023-10-25 12:51:29,Experiment 2 Dry brush and Duo,mobile
280,8,6202,12.0,65390fc8-b390-2811-52ac-3bb90446ca34,complete,1,2023-10-25 12:54:52,Experiment 2 Dry brush and Duo,mobile
281,8,6209,12.0,65391054-e627-3f6a-aaff-2cc28ad5d5bb,complete,1,2023-10-25 12:55:56,Experiment 2 Dry brush and Duo,mobile
282,8,6221,12.0,653910b4-1aef-a5a7-c1c6-942f84bf8c4e,complete,1,2023-10-25 12:57:39,Experiment 2 Dry brush and Duo,mobile
283,8,6244,12.0,653911cb-ae63-b5d5-044e-d5b025695407,complete,1,2023-10-25 13:02:21,Experiment 2 Dry brush and Duo,mobile
284,8,6246,12.0,6539120e-12de-319c-8cf8-0dfb1e9f6fb1,complete,1,2023-10-25 13:03:56,Experiment 2 Dry brush and Duo,mobile
285,8,6267,12.0,6539133c-ed0c-a2f8-3a35-62cec75056bc,complete,1,2023-10-25 13:08:24,Experiment 2 Dry brush and Duo,mobile
286,8,6274,12.0,65391399-829b-2fe3-d1c4-ae98f16d7b7c,complete,1,2023-10-25 13:10:38,Experiment 2 Dry brush and Duo,mobile
287,8,6275,12.0,653913d5-7da2-568c-a80d-d2ffbcab5432,complete,1,2023-10-25 13:10:51,Experiment 2 Dry brush and Duo,mobile
288,8,6300,12.0,65391537-d1a2-ce55-b538-533f64bc7261,complete,1,2023-10-25 13:16:47,Experiment 2 Dry brush and Duo,mobile
289,8,6323,12.0,653916ae-ff1d-76ec-49a8-80f5e6e471e6,complete,0,2023-10-25 13:23:07,Experiment 2 Dry brush and Duo,desktop
290,8,6331,12.0,65391713-4012-2a33-72f7-44df25c3b2b6,complete,1,2023-10-25 13:25:22,Experiment 2 Dry brush and Duo,mobile
291,8,6388,12.0,65391a69-4624-e83c-8c1e-d57ba77e3abe,complete,1,2023-10-25 13:38:56,Experiment 2 Dry brush and Duo,mobile
292,8,6392,12.0,65391aa0-8f3b-4ff3-fe07-84f43cae3155,complete,1,2023-10-25 13:39:44,Experiment 2 Dry brush and Duo,mobile
293,8,6401,12.0,65391ada-4364-ead4-181f-9d95f547bce6,complete,1,2023-10-25 13:41:36,Experiment 2 Dry brush and Duo,mobile
294,8,6438,12.0,65391d17-5b69-bdca-c40a-a892f612ed04,complete,1,2023-10-25 13:51:00,Experiment 2 Dry brush and Duo,mobile
295,8,6439,12.0,65391d35-0f10-1331-45b1-4bffd6d7496a,complete,1,2023-10-25 13:51:38,Experiment 2 Dry brush and Duo,mobile
296,8,6492,12.0,653920b7-dbdb-c5fc-74c9-f59912283c97,complete,0,2023-10-25 14:06:00,Experiment 2 Dry brush and Duo,desktop
297,8,6503,12.0,6539214e-3ffe-66dd-6f6f-df87f0e2bd7e,complete,1,2023-10-25 14:09:08,Experiment 2 Dry brush and Duo,mobile
298,8,6523,12.0,653925d1-ff12-fb7b-804b-11fc4869cf4c,complete,0,2023-10-25 14:28:15,Experiment 2 Dry brush and Duo,desktop
299,8,6590,12.0,6539385e-7826-cb97-560d-e33d56082776,complete,1,2023-10-25 15:47:05,Experiment 2 Dry brush and Duo,mobile
300,8,6592,12.0,6539388b-bd84-e399-c395-43ef85606995,complete,1,2023-10-25 15:48:12,Experiment 2 Dry brush and Duo,mobile
301,8,6608,12.0,65393df5-c9e6-1296-d999-d9d9ff0390b5,complete,0,2023-10-25 16:10:30,Experiment 2 Dry brush and Duo,desktop
302,8,6610,12.0,65393e12-5527-3de9-3581-998233e04efa,complete,0,2023-10-25 16:11:07,Experiment 2 Dry brush and Duo,desktop
303,8,6637,12.0,65394046-4b3d-3bcc-87a7-45919d7d8a7c,complete,0,2023-10-25 16:20:30,Experiment 2 Dry brush and Duo,desktop
304,8,6642,12.0,65394014-6024-fc12-5c43-71f8c6190af5,complete,1,2023-10-25 16:21:20,Experiment 2 Dry brush and Duo,mobile
305,8,6662,12.0,65394397-206a-662d-7084-ecc27ac1bb25,complete,0,2023-10-25 16:35:33,Experiment 2 Dry brush and Duo,desktop
306,8,6701,12.0,65394d17-dcb1-4630-8e08-a847f11012be,complete,0,2023-10-25 17:15:53,Experiment 2 Dry brush and Duo,desktop
307,8,6721,12.0,653952fa-b42e-d062-0569-f8457a207566,complete,0,2023-10-25 17:41:00,Experiment 2 Dry brush and Duo,desktop
308,8,6741,12.0,65395908-1f6c-5861-8faa-c6cb64b40359,complete,0,2023-10-25 18:06:12,Experiment 2 Dry brush and Duo,desktop
309,8,6762,12.0,65395e42-e242-60d6-3963-4a60e500cfac,complete,1,2023-10-25 18:28:56,Experiment 2 Dry brush and Duo,mobile
310,8,6766,12.0,65395f0d-d4a7-4cdb-602a-373857f9cca1,complete,0,2023-10-25 18:32:13,Experiment 2 Dry brush and Duo,desktop
311,8,6769,12.0,65395f7c-ca96-012b-0912-bd52605f29c9,complete,1,2023-10-25 18:33:43,Experiment 2 Dry brush and Duo,mobile
312,8,6787,12.0,65396009-8d3a-61d6-4889-775ebf1b40ec,complete,1,2023-10-25 18:36:48,Experiment 2 Dry brush and Duo,mobile
313,8,6788,12.0,6539604d-0056-1bb3-26a1-6bf7e1fe17f2,complete,1,2023-10-25 18:37:02,Experiment 2 Dry brush and Duo,mobile
314,8,6813,12.0,653961e9-10b0-b0e1-ef30-e56af18110e9,complete,0,2023-10-25 18:44:09,Experiment 2 Dry brush and Duo,desktop
315,8,6816,12.0,6539625e-9ff6-9a30-570e-f401b0033d95,complete,1,2023-10-25 18:45:51,Experiment 2 Dry brush and Duo,mobile
316,8,6817,12.0,6539622c-ff05-ff57-4d28-2761f7c77fa1,complete,1,2023-10-25 18:45:56,Experiment 2 Dry brush and Duo,mobile
317,8,6896,12.0,65396399-37aa-b7ec-acd3-72f6b7b6877a,complete,1,2023-10-25 18:51:59,Experiment 2 Dry brush and Duo,mobile
318,8,6904,12.0,65396418-e8d4-9765-2e43-d90e15246af9,complete,1,2023-10-25 18:53:27,Experiment 2 Dry brush and Duo,mobile
319,8,6986,12.0,6539685c-f33e-60b1-eed3-11367a0eb5f4,complete,1,2023-10-25 19:12:18,Experiment 2 Dry brush and Duo,mobile
320,8,7037,12.0,65396a25-84cc-c052-cc72-17553bacfb68,complete,0,2023-10-25 19:19:52,Experiment 2 Dry brush and Duo,desktop
321,8,7042,12.0,65396a77-8842-6ca5-98d8-e68acd35c32d,complete,1,2023-10-25 19:20:34,Experiment 2 Dry brush and Duo,mobile
322,8,7104,12.0,65396fa0-3b18-f308-1e38-06684307f120,complete,1,2023-10-25 19:42:36,Experiment 2 Dry brush and Duo,mobile
323,8,7128,12.0,65397233-c306-af8a-d5ad-67c08c215810,complete,1,2023-10-25 19:53:59,Experiment 2 Dry brush and Duo,mobile
324,8,7146,12.0,65397509-be95-dc8d-fa15-76f8071eac8d,complete,1,2023-10-25 20:05:46,Experiment 2 Dry brush and Duo,mobile
325,8,7152,12.0,653975f7-bc46-ebb6-1f0a-13df8516b6a8,complete,1,2023-10-25 20:10:13,Experiment 2 Dry brush and Duo,mobile
326,8,7153,12.0,65397648-da56-7b43-1c26-0884a523b5f0,complete,1,2023-10-25 20:11:00,Experiment 2 Dry brush and Duo,mobile
327,8,7178,12.0,6539792a-6973-fd08-25f6-21f9db0b912b,complete,1,2023-10-25 20:23:14,Experiment 2 Dry brush and Duo,mobile
328,8,7179,12.0,65397958-f2f2-d90f-a481-0a46452dc782,complete,1,2023-10-25 20:24:08,Experiment 2 Dry brush and Duo,mobile
329,8,7199,12.0,65397b44-7671-bb98-a53b-3d9adca53304,complete,1,2023-10-25 20:33:21,Experiment 2 Dry brush and Duo,mobile
330,8,7209,12.0,65397cf0-b1cb-4786-bb52-7515e686c15f,complete,1,2023-10-25 20:39:49,Experiment 2 Dry brush and Duo,mobile
331,8,7221,12.0,65397f38-8567-0d48-942c-48e1f2c5cb88,complete,1,2023-10-25 20:49:42,Experiment 2 Dry brush and Duo,mobile
332,8,7224,12.0,65398055-cd56-9c7a-afe5-29ca7cc80db2,complete,0,2023-10-25 20:53:53,Experiment 2 Dry brush and Duo,desktop
333,8,7235,12.0,6539828d-119e-790c-18f0-e4643331db43,complete,1,2023-10-25 21:04:03,Experiment 2 Dry brush and Duo,mobile
334,8,7254,12.0,653986b9-8a6a-98f7-ff44-6e3d0cf187be,complete,1,2023-10-25 21:22:18,Experiment 2 Dry brush and Duo,mobile
335,8,7257,12.0,653987ed-815e-a951-442f-ccb05024f7f4,complete,1,2023-10-25 21:26:06,Experiment 2 Dry brush and Duo,mobile
336,8,7272,12.0,65398b20-2099-6c20-104f-ed805343fb12,complete,1,2023-10-25 21:40:53,Experiment 2 Dry brush and Duo,mobile
337,8,7297,12.0,65398ebf-37fa-3e0a-5938-2f0e9b4304af,complete,1,2023-10-25 21:55:58,Experiment 2 Dry brush and Duo,mobile
338,8,7359,12.0,65399892-135e-d295-4191-2916f010f168,complete,1,2023-10-25 22:37:22,Experiment 2 Dry brush and Duo,mobile
339,8,7392,12.0,6539a672-6fab-01a1-95cf-c271f46bce91,complete,1,2023-10-25 23:36:27,Experiment 2 Dry brush and Duo,mobile
340,8,7436,12.0,6539ce55-826c-1a23-fce5-cac4de78d272,complete,1,2023-10-26 02:27:18,Experiment 2 Dry brush and Duo,mobile
341,8,7611,12.0,653a1daa-8063-ef26-bcbb-e567333bee08,complete,1,2023-10-26 08:04:58,Experiment 2 Dry brush and Duo,mobile
342,8,7644,12.0,653a2282-3fdf-fe22-a3ae-fe84b3e060a3,complete,1,2023-10-26 08:25:53,Experiment 2 Dry brush and Duo,mobile
343,8,7648,12.0,6dNy2Mc2M1Rh99393bOZGU,complete,1,2023-10-26 08:26:30,Experiment 2 Dry brush and Duo,mobile
344,8,7663,12.0,3p6xpSmWdL5uvhrIErLc9T,complete,1,2023-10-26 08:30:59,Experiment 2 Dry brush and Duo,mobile
345,8,7671,12.0,0cU8oPW0wVGloXdyyQ09Pm,complete,1,2023-10-26 08:32:27,Experiment 2 Dry brush and Duo,mobile
346,8,7687,12.0,1AmPBaBysmI3NF0gD170EM,complete,1,2023-10-26 08:34:35,Experiment 2 Dry brush and Duo,mobile
347,8,7689,12.0,1c6aAoU1GufWrD3FsNURJY,complete,1,2023-10-26 08:35:44,Experiment 2 Dry brush and Duo,mobile
348,8,7693,12.0,6SLzIOg9VsMC29TGEQ6aX9,complete,1,2023-10-26 08:37:24,Experiment 2 Dry brush and Duo,mobile
349,8,7719,12.0,7hvZDMt122IWbvNO9r8lpZ,complete,1,2023-10-26 08:42:56,Experiment 2 Dry brush and Duo,mobile
350,8,7766,12.0,7iUemMHBqhOM7AXorZI84I,complete,1,2023-10-26 08:48:12,Experiment 2 Dry brush and Duo,mobile
351,8,7781,12.0,7BZRGIIWORV0rPOPcOMo2b,complete,1,2023-10-26 08:49:06,Experiment 2 Dry brush and Duo,mobile
352,8,7786,12.0,0ES7vRvAujGZCZTXhW07JQ,complete,1,2023-10-26 08:49:15,Experiment 2 Dry brush and Duo,mobile
353,8,7793,12.0,5h9hIfHSLkhY0HLTad5dK5,complete,1,2023-10-26 08:49:23,Experiment 2 Dry brush and Duo,mobile
354,8,7866,12.0,14I2lRN4hwbnzhlFxwU06l,complete,1,2023-10-26 08:53:51,Experiment 2 Dry brush and Duo,mobile
355,8,7871,12.0,6pBnQYUjK3i1U9Jazv8gCm,complete,1,2023-10-26 08:54:07,Experiment 2 Dry brush and Duo,mobile
356,8,7878,12.0,6PknDB7kUOnAI6WdgzAnmg,complete,1,2023-10-26 08:54:42,Experiment 2 Dry brush and Duo,mobile
357,8,7884,12.0,4WPPHP5JeOiNtJ35HUEpuR,complete,1,2023-10-26 08:54:58,Experiment 2 Dry brush and Duo,mobile
358,8,7897,12.0,3AK5MZAm7szt1thRC41b6r,complete,1,2023-10-26 08:55:47,Experiment 2 Dry brush and Duo,mobile
359,8,7900,12.0,4Z785ynRpgQhaKa3ODEG6N,complete,1,2023-10-26 08:56:09,Experiment 2 Dry brush and Duo,mobile
360,8,7902,12.0,2p7NCnUR9Y9vmJrYLFvI2e,complete,1,2023-10-26 08:56:12,Experiment 2 Dry brush and Duo,mobile
361,8,7939,12.0,3pVRL8zeJosFM7xIYxklVV,complete,1,2023-10-26 09:00:53,Experiment 2 Dry brush and Duo,mobile
362,8,7944,12.0,5jUl5xxwukjw3ggDxHN87d,complete,1,2023-10-26 09:01:20,Experiment 2 Dry brush and Duo,mobile
363,8,7972,12.0,2W3f9Rdc4dqxfCFiev4mXj,complete,1,2023-10-26 09:03:50,Experiment 2 Dry brush and Duo,mobile
364,8,7975,12.0,0qEOWwIEy2rjdWu3a2Wf9J,complete,1,2023-10-26 09:04:21,Experiment 2 Dry brush and Duo,mobile
365,8,7989,12.0,2L03fTaY07399BjQU65MwM,complete,1,2023-10-26 09:05:22,Experiment 2 Dry brush and Duo,mobile
366,8,8002,12.0,1HwwguebJaWCMYiVronnCH,complete,1,2023-10-26 09:06:51,Experiment 2 Dry brush and Duo,mobile
367,8,8052,12.0,3OC2JPfbaSoUMri6PMNgN3,complete,1,2023-10-26 09:11:00,Experiment 2 Dry brush and Duo,mobile
368,8,8074,12.0,10Mwt7kUZnskrnV1w4dfcS,complete,1,2023-10-26 09:13:23,Experiment 2 Dry brush and Duo,mobile
369,8,8088,12.0,0FMYETQts5h3aeXjg2BhGK,complete,1,2023-10-26 09:14:28,Experiment 2 Dry brush and Duo,mobile
370,8,8109,12.0,0N8z5ijNnJGfUuu59h2fRz,complete,1,2023-10-26 09:16:36,Experiment 2 Dry brush and Duo,mobile
371,8,8125,12.0,2UftkFLngrVlGeex15jxKz,complete,1,2023-10-26 09:18:13,Experiment 2 Dry brush and Duo,mobile
372,8,8132,12.0,0TjsoqNdrvKkzPfjvj0wIE,complete,1,2023-10-26 09:18:24,Experiment 2 Dry brush and Duo,mobile
373,8,8165,12.0,7MlUehNSlnPwcsIh60FLLV,complete,1,2023-10-26 09:20:24,Experiment 2 Dry brush and Duo,mobile
374,8,8169,12.0,0JP6zjV1JoW17NSDkV4nPu,complete,1,2023-10-26 09:20:44,Experiment 2 Dry brush and Duo,mobile
375,8,8183,12.0,3o49K0eVhOZha5t9pW20d3,complete,1,2023-10-26 09:21:35,Experiment 2 Dry brush and Duo,mobile
376,8,8190,12.0,04h4jLGwlbFuUTg9i29wCg,complete,1,2023-10-26 09:22:21,Experiment 2 Dry brush and Duo,mobile
377,8,8216,12.0,2H2q9JoV4P55Zddpw6Lg1l,complete,0,2023-10-26 09:32:04,Experiment 2 Dry brush and Duo,desktop
378,8,8245,12.0,3kQImv4DS7lLKUSIRn0qA8,complete,0,2023-10-26 09:53:12,Experiment 2 Dry brush and Duo,desktop
379,8,8246,12.0,3jVzQVDKdMycDRnojJTHOJ,complete,0,2023-10-26 09:53:20,Experiment 2 Dry brush and Duo,desktop
380,8,8250,12.0,3V1kIqSvXk5J7XkadHm9Nm,complete,0,2023-10-26 09:55:25,Experiment 2 Dry brush and Duo,desktop
381,8,8256,12.0,3Qlga4Vests72aXXdqCDgz,complete,0,2023-10-26 10:02:49,Experiment 2 Dry brush and Duo,desktop
382,8,8269,12.0,7mByO6DeD67awdhDK1NCbu,complete,0,2023-10-26 10:14:29,Experiment 2 Dry brush and Duo,desktop
383,8,8278,12.0,46d0zDJ0ueQxKoxCGJabY8,complete,0,2023-10-26 10:22:28,Experiment 2 Dry brush and Duo,desktop
384,8,8290,12.0,09ia7ZLyBfx40qoSNPxQ1X,complete,0,2023-10-26 10:29:53,Experiment 2 Dry brush and Duo,desktop
385,8,8303,12.0,45hc9hyvjVgMQcoKkkRc6G,complete,0,2023-10-26 10:35:38,Experiment 2 Dry brush and Duo,desktop
386,8,8316,12.0,5SVIa3SM8XuCR45UDrHcOM,complete,0,2023-10-26 10:45:41,Experiment 2 Dry brush and Duo,desktop
387,8,8322,12.0,3ualRHOuEraaGaCSkxSaLT,complete,0,2023-10-26 10:52:57,Experiment 2 Dry brush and Duo,desktop
388,8,8339,12.0,0cAlw7N6333kuxr3cKbiVR,complete,0,2023-10-26 11:12:10,Experiment 2 Dry brush and Duo,desktop
389,8,8378,12.0,691uRA569M5u19pxNvkhgZ,complete,0,2023-10-26 11:27:28,Experiment 2 Dry brush and Duo,desktop
390,8,8386,12.0,61f973NsgOFmGbCpZAyoaR,complete,0,2023-10-26 11:30:37,Experiment 2 Dry brush and Duo,desktop
391,8,8390,12.0,2Xl5Ao22eyk0iCVEBBMK1h,complete,0,2023-10-26 11:31:05,Experiment 2 Dry brush and Duo,desktop
392,8,8405,12.0,5nuob3Ep1JyA6g6O1voLiN,complete,0,2023-10-26 11:38:03,Experiment 2 Dry brush and Duo,desktop
393,8,8406,12.0,4Rr98RAA2ECuwfCRwSNFfI,complete,0,2023-10-26 11:38:38,Experiment 2 Dry brush and Duo,desktop
394,8,8413,12.0,5U0lQLTSqnHqS4uKGDL4BC,complete,0,2023-10-26 11:40:48,Experiment 2 Dry brush and Duo,desktop
395,8,8421,12.0,7zYdCNUM5J6KjiCQaNwvt8,complete,0,2023-10-26 11:45:27,Experiment 2 Dry brush and Duo,desktop
396,8,8429,12.0,45NK1eGaWEtFgVVUOIRHil,complete,0,2023-10-26 11:49:09,Experiment 2 Dry brush and Duo,desktop
397,8,8446,12.0,5AeF1qNyyRUkeeLFSlG3q8,complete,0,2023-10-26 11:54:59,Experiment 2 Dry brush and Duo,desktop
398,8,8455,12.0,0yNzemRv6Xknkko7xWvYsJ,complete,0,2023-10-26 11:58:30,Experiment 2 Dry brush and Duo,desktop
399,8,8459,12.0,4yKBcN3J7anMrjQok5gFLw,complete,0,2023-10-26 11:59:28,Experiment 2 Dry brush and Duo,desktop
400,8,8464,12.0,5Y62p6dVTiXmTYyPUjqlV0,complete,0,2023-10-26 12:01:16,Experiment 2 Dry brush and Duo,desktop
401,8,8476,12.0,3PlGmFHHA1OdfVZSONpuTd,complete,0,2023-10-26 12:08:03,Experiment 2 Dry brush and Duo,desktop
402,8,8481,12.0,1sij2QYPYBqsmlaX2hwndA,complete,0,2023-10-26 12:10:03,Experiment 2 Dry brush and Duo,desktop
403,8,8530,12.0,7zoy4rGRMHaMAjfn4pCWP6,complete,0,2023-10-26 12:27:57,Experiment 2 Dry brush and Duo,desktop
404,8,8553,12.0,3Dg5aqSLQgbQVYZpNln9K2,complete,0,2023-10-26 12:46:33,Experiment 2 Dry brush and Duo,desktop
405,8,8572,12.0,03pPYpnzOALGrZvfcgJC3O,complete,0,2023-10-26 12:52:49,Experiment 2 Dry brush and Duo,desktop
406,8,8573,12.0,3MXN0TpisVZ2cHyo9IcJVS,complete,0,2023-10-26 12:53:08,Experiment 2 Dry brush and Duo,desktop
407,8,8580,12.0,50owHNVjoNlXMiLsqyBcYb,complete,0,2023-10-26 12:57:03,Experiment 2 Dry brush and Duo,desktop
408,8,8586,12.0,4AO9EyEiSAUMwonBtkKezg,complete,0,2023-10-26 13:02:36,Experiment 2 Dry brush and Duo,desktop
409,8,8647,12.0,3nmpJfSFVop4EKLrzlaPZq,complete,0,2023-10-26 13:41:42,Experiment 2 Dry brush and Duo,desktop
410,8,8659,12.0,5TBhySTzvIKR5oJUINFB7G,complete,0,2023-10-26 13:48:46,Experiment 2 Dry brush and Duo,desktop
411,8,8669,12.0,5mRpmuuBjPGCNcwTYyCiBI,complete,0,2023-10-26 13:51:49,Experiment 2 Dry brush and Duo,desktop
412,8,8691,12.0,0P4Zofk1dnQ8FqrOkjdBHG,complete,0,2023-10-26 14:10:58,Experiment 2 Dry brush and Duo,desktop
413,8,8692,12.0,6i29DKjhgzKaJCMwZTABVm,complete,0,2023-10-26 14:11:01,Experiment 2 Dry brush and Duo,desktop
414,8,8698,12.0,5kurpWlzfbOJMxxnrR87pi,complete,0,2023-10-26 14:14:01,Experiment 2 Dry brush and Duo,desktop
415,8,8707,12.0,2VZKT3TzlamuumSm1PPU8g,complete,0,2023-10-26 14:23:40,Experiment 2 Dry brush and Duo,desktop
416,8,8715,12.0,1Kc8gKzAhC0BSeiCH0a5nT,complete,0,2023-10-26 14:34:22,Experiment 2 Dry brush and Duo,desktop
417,8,8723,12.0,3x0N13vRaeQUovoGyM4mJO,complete,0,2023-10-26 14:44:25,Experiment 2 Dry brush and Duo,desktop
418,8,8748,12.0,6JcTY8FkHpGragaK3gUsg9,complete,0,2023-10-26 14:58:57,Experiment 2 Dry brush and Duo,desktop
419,8,8764,12.0,1nRSfhAgNguzlqnmN67TDR,complete,0,2023-10-26 15:15:39,Experiment 2 Dry brush and Duo,desktop
420,8,8774,12.0,7shX0VwdNlHp2TQKqNNgyP,complete,0,2023-10-26 15:22:04,Experiment 2 Dry brush and Duo,desktop
421,8,8776,12.0,1rZxceFbGXULMwGN2fHisQ,complete,0,2023-10-26 15:23:53,Experiment 2 Dry brush and Duo,desktop
422,8,8789,12.0,2C4ZpmNguwxttYqw7iBcWo,complete,0,2023-10-26 15:35:58,Experiment 2 Dry brush and Duo,desktop
423,8,8797,12.0,4xGRzeZrRGdmpZQrBQwlSz,complete,0,2023-10-26 15:41:59,Experiment 2 Dry brush and Duo,desktop
424,8,8803,12.0,0TsP4tPGYfekrh4zcpGaQW,complete,0,2023-10-26 15:44:58,Experiment 2 Dry brush and Duo,desktop
425,8,8809,12.0,2CGeyVEH6bi0rX8HIdPJkr,complete,0,2023-10-26 15:48:00,Experiment 2 Dry brush and Duo,desktop
426,8,8828,12.0,5HF5jWTNQCecc0ZRXiv2TP,complete,0,2023-10-26 16:18:49,Experiment 2 Dry brush and Duo,desktop
427,8,8857,12.0,4LiVy25lpHUCL3fHWrwr6N,complete,0,2023-10-26 16:44:41,Experiment 2 Dry brush and Duo,desktop
428,8,8860,12.0,778H1F5zA2dpe4JFAuX9Uu,complete,0,2023-10-26 16:47:51,Experiment 2 Dry brush and Duo,desktop
429,8,8900,12.0,7Byzqk5bbTWZ4EisoQXJER,complete,0,2023-10-26 17:29:25,Experiment 2 Dry brush and Duo,desktop
430,8,8911,12.0,24QQVAq9rwU9d4EdQgk8Ro,complete,0,2023-10-26 17:46:25,Experiment 2 Dry brush and Duo,desktop
431,8,8951,12.0,3j3FvOw8PdM7edkPXlltfu,complete,0,2023-10-26 18:44:32,Experiment 2 Dry brush and Duo,desktop
432,8,8971,12.0,3bTHZk6wOTmTwijXpSqFmS,complete,0,2023-10-26 19:00:24,Experiment 2 Dry brush and Duo,desktop
433,8,8981,12.0,3O848B2zu9FqzOIX9dNi8P,complete,0,2023-10-26 19:11:27,Experiment 2 Dry brush and Duo,desktop
434,8,9012,12.0,06RwJwWEUuCJp2GN6XmFzF,complete,0,2023-10-26 20:13:05,Experiment 2 Dry brush and Duo,desktop
435,8,9049,12.0,5Qq5LfkZFSqGRY2VqCb8TR,complete,0,2023-10-26 22:50:30,Experiment 2 Dry brush and Duo,desktop
436,8,9064,12.0,4BZ9Z3iANRp8ICqfWBFikl,complete,0,2023-10-27 03:03:28,Experiment 2 Dry brush and Duo,desktop
437,8,9081,12.0,4cNsHfKxwtTSaMogpsiEbi,complete,0,2023-10-27 05:42:13,Experiment 2 Dry brush and Duo,desktop
438,8,9092,12.0,6x78ayNAM7I5UoE2yYDj5F,complete,0,2023-10-27 06:06:53,Experiment 2 Dry brush and Duo,desktop
439,8,9098,12.0,1p5Vf7AXz6p7Mv08x72mN7,complete,1,2023-10-27 06:23:14,Experiment 2 Dry brush and Duo,mobile
440,8,9115,12.0,646l400GSgq0DZSSKkPA3H,complete,0,2023-10-27 06:53:37,Experiment 2 Dry brush and Duo,desktop
441,8,9128,12.0,6NhMB55kZb8YMLGwVyK0MG,complete,0,2023-10-27 07:15:17,Experiment 2 Dry brush and Duo,desktop
442,8,9136,12.0,1Tpchlz7iVowKkzcB42sAO,complete,0,2023-10-27 07:31:03,Experiment 2 Dry brush and Duo,desktop
443,8,9140,12.0,28mb8kcEqwemsQR48OWdUQ,complete,0,2023-10-27 07:40:46,Experiment 2 Dry brush and Duo,desktop
444,8,9152,12.0,6mHRzfB37Yxu3itUUUUdOG,complete,0,2023-10-27 07:56:05,Experiment 2 Dry brush and Duo,desktop
445,8,9164,12.0,4jQDKBFi97Jpy2Poqc6ufE,complete,0,2023-10-27 08:08:08,Experiment 2 Dry brush and Duo,desktop
446,8,9172,12.0,6q0b7FRg6XJJ3UofC6pHCE,complete,0,2023-10-27 08:22:53,Experiment 2 Dry brush and Duo,desktop
447,8,9183,12.0,585w42kocgK941MLB1ewGx,complete,0,2023-10-27 08:40:39,Experiment 2 Dry brush and Duo,desktop
448,8,9187,12.0,1VmT5ADVnTTYIY3ebyz60c,complete,0,2023-10-27 08:48:37,Experiment 2 Dry brush and Duo,desktop
449,8,9188,12.0,5Lx6uM6FeipMXXrrOX9FNj,complete,0,2023-10-27 08:50:59,Experiment 2 Dry brush and Duo,desktop
450,8,9189,12.0,2JMyN7KeNYGTGRLVr1DbIx,complete,0,2023-10-27 08:51:03,Experiment 2 Dry brush and Duo,desktop
451,8,9196,12.0,19aGQ9b1qm3cDAHDweDUAF,complete,0,2023-10-27 09:02:04,Experiment 2 Dry brush and Duo,desktop
452,8,9214,12.0,5s8LbdM4wWedgKtZ7ux9Fd,complete,0,2023-10-27 09:19:27,Experiment 2 Dry brush and Duo,desktop
453,8,9317,12.0,6mujxOdra7V8CD6sEXpWHY,complete,0,2023-10-27 10:48:04,Experiment 2 Dry brush and Duo,desktop
454,8,9325,12.0,089hqjcF8yC4hD9p2mBCBk,complete,0,2023-10-27 10:58:37,Experiment 2 Dry brush and Duo,desktop
455,8,9333,12.0,1A9uzQrXPwUVeLfZZQhiCc,complete,0,2023-10-27 11:06:32,Experiment 2 Dry brush and Duo,desktop
